0,1052,0
0,1823,0
0,1020,0
0,1813,1
0,1025,0
0,411,0
0,1805,0
0,1062,0
0,1816,1
0,1815,1
0,478,0
0,1822,0
0,610,0
0,980,0
0,1031,0
0,520,0
0,1000,0
0,544,0
0,1018,0
0,935,0
0,308,0
0,479,0
0,1811,1
0,916,0
0,995,0
0,1092,0
0,1066,0
0,1817,1
0,1123,0
0,1818,1
0,1797,0
0,1101,0
0,1061,0
0,979,0
0,1810,1
0,484,0
0,1772,0
0,1819,1
0,1133,0
0,370,0
0,457,0
0,944,0
0,841,1
0,1076,1
0,923,0
0,1748,0
0,1802,0
0,1008,0
0,894,0
0,922,0
0,945,0
0,1798,0
0,1044,1
0,1032,0
0,986,0
0,946,0
0,1086,0
0,630,0
0,1053,0
0,1825,1
0,932,0
0,1747,0
0,1137,0
0,955,0
0,925,0
0,1156,0
0,1093,0
0,1700,0
0,1166,0
0,1095,0
0,1827,1
0,1809,1
0,1035,0
0,1010,0
0,1100,0
0,1804,1
0,459,0
0,1135,0
0,412,0
0,1155,0
0,456,0
0,950,0
0,940,0
0,1750,0
0,918,0
0,1060,0
0,1723,0
0,987,0
0,930,0
0,1812,1
0,493,0
0,1807,1
0,1800,0
0,1726,0
0,458,0
0,933,0
0,1781,0
0,960,0
0,1094,0
0,276,0
0,978,0
0,929,0
0,1775,0
0,1120,0
0,941,0
0,1113,1
0,1808,1
0,1725,0
0,994,0
0,1097,0
1,414,1
1,1709,0
1,21,0
1,89,0
1,76,0
1,1021,1
1,411,1
1,379,1
1,413,1
1,345,1
1,37,0
1,1895,0
1,404,1
1,525,1
1,408,1
1,350,1
1,403,1
1,406,1
1,1159,1
1,173,0
1,1223,1
1,362,1
1,973,1
1,367,1
1,118,0
1,374,1
1,357,1
1,490,1
1,1128,1
1,375,1
1,341,1
1,662,0
1,337,1
1,407,1
1,607,1
1,248,0
1,1191,1
1,1162,1
1,396,1
1,1056,1
1,383,1
1,410,1
1,431,1
1,1304,1
1,489,1
1,1753,0
1,1015,1
1,1095,1
1,527,1
1,55,0
1,8,0
1,366,1
1,1802,0
1,1092,1
1,361,1
1,1848,0
1,385,1
1,371,1
1,397,1
1,506,1
1,2395,1
1,223,0
1,491,1
1,353,1
1,347,1
1,1160,1
1,580,1
1,401,1
1,346,1
1,1161,1
1,1127,1
1,372,1
1,1097,1
1,90,0
1,1219,1
1,197,0
1,365,1
1,343,1
1,11,0
1,338,1
1,378,1
1,369,1
1,273,0
1,390,1
1,486,0
1,393,1
1,1055,1
1,1057,1
1,360,1
1,363,1
1,1187,1
1,364,1
1,1249,1
1,405,1
1,972,1
1,2371,1
1,469,0
1,1129,1
1,344,1
1,387,1
1,120,0
1,370,1
1,526,1
1,381,1
1,412,1
1,1754,0
1,356,1
1,930,1
1,171,0
1,409,1
1,1193,1
1,1220,1
1,352,1
1,392,1
1,931,1
1,26,0
1,974,1
1,1130,1
1,391,1
1,1158,1
1,402,1
1,340,1
1,1163,1
1,384,1
1,1275,1
1,382,1
1,1018,1
1,1090,1
1,355,1
1,1017,1
1,1058,1
1,459,1
1,358,1
1,359,1
1,339,1
1,1094,1
1,148,0
1,0,0
1,471,1
1,368,1
1,377,1
1,529,1
1,472,1
1,398,1
1,354,1
1,1250,1
1,1098,1
1,488,1
1,1093,1
1,439,1
1,579,1
1,1096,1
1,199,0
1,1016,1
1,1020,1
1,1303,1
1,348,1
1,399,1
1,351,1
1,528,1
1,1190,1
1,1189,1
1,380,1
1,1091,1
1,43,0
1,349,1
1,388,1
1,1019,1
1,64,0
1,221,0
1,1156,1
1,400,1
1,1126,1
1,389,1
1,394,1
1,146,0
1,1099,1
1,373,1
1,386,1
1,551,1
2,947,0
2,479,0
2,897,0
2,476,0
2,1546,0
2,1129,0
2,1181,0
2,1097,0
2,581,0
2,520,0
2,451,0
2,1328,0
2,1212,0
2,1029,0
2,1535,0
2,537,0
2,488,0
2,647,0
2,1143,0
2,1136,0
2,1091,0
2,1300,0
2,1187,0
2,1152,0
2,721,0
2,1323,0
2,1036,0
2,926,0
2,689,0
2,1056,0
2,1202,0
2,1148,0
2,1465,0
2,545,0
2,1467,0
2,467,0
2,1242,0
2,1348,0
2,1243,0
2,1581,0
2,442,0
2,1106,0
2,732,0
2,1445,0
2,1458,0
2,495,0
2,1252,0
2,1015,0
2,609,0
2,1016,0
2,631,0
2,447,0
2,1619,0
2,1107,0
2,1555,0
2,1364,0
2,850,0
2,478,0
2,1131,0
2,974,0
2,912,0
2,1616,0
2,1499,0
2,833,0
2,1167,0
2,1039,0
2,958,0
2,998,0
2,1108,0
2,1109,0
2,1375,0
2,1227,0
2,1429,0
2,455,0
2,377,0
2,1166,0
2,1597,0
2,391,0
2,690,0
2,1205,0
2,1428,0
2,781,0
2,840,0
2,1082,0
2,793,0
2,445,0
2,610,0
2,1404,0
2,1544,0
2,1638,0
2,1398,0
2,1441,0
2,536,0
2,1295,0
2,1600,0
2,441,0
2,1608,1
2,1169,0
2,1601,0
2,1030,0
2,1079,0
2,653,0
2,573,0
2,1537,0
2,1259,0
2,719,0
2,523,0
2,1575,0
2,1464,0
2,1630,0
2,910,0
2,1041,0
2,1471,0
2,865,0
2,614,0
2,584,0
2,1468,0
2,496,0
2,448,0
2,687,0
2,1241,0
2,1172,0
2,1184,0
2,1396,0
2,684,0
2,1094,0
2,1595,0
2,1214,0
2,1594,0
2,1435,0
2,1219,0
2,1427,1
2,582,0
2,1509,0
2,457,0
2,1217,0
2,1023,0
2,504,0
2,772,0
2,685,0
2,991,0
2,1615,0
2,497,0
2,1406,0
2,1622,0
2,607,0
2,814,0
2,1213,0
2,1589,0
2,1104,0
2,1250,0
2,1297,0
2,443,0
2,535,0
2,895,0
2,727,0
2,1112,0
2,970,0
2,1249,0
2,1012,0
2,754,0
2,1500,0
2,1096,0
2,1588,0
2,773,0
2,1130,0
2,729,0
2,901,0
2,1586,0
2,1344,0
2,1031,0
2,1405,0
2,1629,0
2,1460,0
2,461,0
2,728,0
2,999,0
2,513,0
2,555,0
2,1507,0
2,1440,0
2,1132,0
2,1394,0
2,1216,0
2,46,1
2,560,0
2,585,0
2,518,0
2,593,0
2,463,0
2,1265,0
2,1461,0
2,1627,0
2,1140,0
2,1325,0
2,510,0
2,1463,0
2,1101,0
2,1306,0
2,990,0
2,969,0
2,1574,0
2,839,0
2,1179,0
2,1590,0
2,1026,0
2,1564,0
2,458,0
2,1399,0
2,656,0
2,464,0
2,1363,0
2,1298,0
2,678,0
2,503,0
2,783,0
2,1523,0
2,1038,0
2,492,0
2,1220,0
2,1576,0
2,1324,0
2,1206,0
2,896,0
2,519,0
2,1376,0
2,1168,0
2,454,0
2,1246,0
2,706,0
2,779,0
2,444,0
2,1128,0
2,1591,0
2,1210,0
2,1183,0
2,587,0
2,1218,0
2,1060,0
2,1623,0
2,1102,0
2,611,0
2,959,0
2,649,0
2,517,0
2,1495,0
2,641,0
2,1578,0
2,403,0
2,1374,0
2,1061,0
2,1395,0
2,1260,0
2,1057,0
2,1294,0
2,899,0
2,485,0
2,623,0
2,1076,0
2,52,0
2,1114,0
2,624,0
2,1365,0
2,1017,0
2,566,0
2,530,0
2,1624,0
2,1095,0
2,1263,0
2,675,0
2,1305,0
2,580,0
2,592,0
2,618,0
2,534,0
2,1617,0
2,648,0
2,1099,0
2,1224,0
2,565,0
2,1492,0
2,1558,0
2,466,0
2,449,0
2,887,0
2,643,0
2,1226,0
2,720,0
2,1377,0
2,1602,0
2,589,0
2,477,0
2,961,0
2,1605,0
2,1598,0
2,1077,0
2,1490,0
2,1264,0
2,528,0
2,1514,0
2,1412,0
2,1620,0
2,1345,0
2,996,0
2,960,0
2,1066,0
2,1133,0
2,1462,0
2,1496,0
2,1593,0
2,1258,0
2,439,0
2,1058,0
2,1292,0
2,1393,0
2,489,0
2,1397,0
2,1635,0
2,1065,0
2,616,0
2,1609,1
2,1444,0
2,1267,0
2,1064,0
2,544,0
2,620,0
2,1366,0
2,1171,0
2,730,0
2,483,0
2,1027,0
2,1439,0
2,1134,0
2,1215,0
2,1137,0
2,1618,0
2,1385,0
2,1256,0
2,1013,0
2,1484,0
2,529,0
2,1330,0
2,651,0
2,1081,0
2,1322,0
2,1437,0
2,1408,0
2,1410,0
2,1548,1
2,1002,0
2,679,0
2,491,0
2,650,0
2,826,0
2,807,0
2,1254,0
2,1401,0
2,1438,0
2,1637,0
2,559,0
2,1268,0
2,1025,0
2,1587,0
2,722,0
2,1188,0
2,1599,0
2,1221,0
2,1059,0
2,1150,0
2,1247,0
2,909,0
2,836,0
2,1343,0
2,885,0
2,965,0
2,1573,0
2,462,0
2,680,0
2,1209,0
2,963,0
2,1554,0
2,1204,0
2,1628,0
2,1141,0
2,948,0
2,1293,0
2,1545,0
2,1632,0
2,1559,0
2,911,0
2,771,0
2,490,0
2,1296,0
2,1228,0
2,888,0
2,505,0
2,577,0
2,992,0
2,512,0
2,1522,0
2,1203,0
2,637,0
2,825,0
2,564,0
2,1459,0
2,506,0
2,1139,0
2,1078,0
2,1098,0
2,844,0
2,1178,0
2,770,0
2,1135,0
2,538,0
2,1491,0
2,1208,0
2,1067,0
2,475,0
2,886,0
2,601,0
2,642,0
2,1180,0
2,1244,0
2,553,0
2,834,0
2,1501,0
2,1474,0
2,1342,0
2,828,0
2,790,0
2,666,0
2,1165,0
2,453,0
2,1326,0
2,1327,0
2,1557,0
2,782,0
2,1105,0
2,1299,0
2,1436,0
2,1368,0
2,1321,0
2,1443,0
2,1042,0
2,1037,0
2,1255,0
2,594,0
2,1497,0
2,1511,0
2,405,0
2,1430,0
2,508,0
2,1182,0
2,900,0
2,1261,0
2,1245,0
2,472,0
2,975,0
2,1103,0
2,1063,0
2,1536,0
2,30,0
2,1631,0
2,1577,0
2,1346,0
2,654,0
2,964,0
2,1614,0
2,1596,0
2,1175,0
2,1176,0
2,1138,0
2,484,0
2,949,0
2,1580,0
2,1177,0
2,784,0
2,1611,0
2,827,0
2,1505,0
2,1115,0
2,1613,0
2,1407,0
2,1400,0
2,1153,0
2,1000,0
2,1289,0
2,951,0
2,1142,0
2,1010,0
2,554,0
2,1211,0
2,1304,0
2,1612,0
2,780,0
2,646,0
2,1603,0
2,1207,0
2,838,0
2,1418,0
2,1257,0
2,1472,0
2,1074,0
2,1151,0
2,1225,0
2,1093,0
2,898,0
2,1080,0
2,1403,0
2,1498,0
2,894,0
2,1473,0
2,1173,0
2,1626,0
2,1592,0
3,10,1
3,498,0
3,3,1
3,33,1
3,99,0
3,507,0
3,98,1
3,95,1
3,251,1
3,480,1
3,336,0
3,335,1
3,58,1
3,86,1
3,55,1
3,67,1
3,75,0
3,17,1
3,80,1
3,408,0
3,8,1
3,45,1
3,24,1
3,41,1
3,351,0
3,44,1
3,28,0
3,7,1
3,46,1
3,31,1
3,82,1
3,20,1
3,315,1
3,60,0
3,9,1
3,64,1
3,92,1
3,38,0
3,11,1
3,91,1
3,19,0
3,51,1
3,34,1
3,35,1
3,83,1
3,68,1
3,84,1
3,96,1
3,505,1
3,76,1
3,29,0
3,54,1
3,87,0
3,94,0
3,482,0
3,501,0
3,12,1
3,72,1
3,27,1
3,49,0
3,4,1
3,89,1
3,13,1
3,21,0
3,90,1
3,433,0
3,81,1
3,77,1
3,30,1
3,39,0
3,47,1
3,15,1
3,387,0
3,316,0
3,66,1
3,312,1
3,73,1
3,5,1
4,362,0
4,343,0
4,394,0
4,333,0
4,245,0
4,379,0
4,178,0
4,134,0
4,393,0
4,361,0
4,249,0
4,267,0
4,358,0
4,404,0
4,139,0
4,411,0
4,347,0
4,376,0
4,386,0
4,153,0
4,127,0
4,128,0
4,315,0
4,405,0
4,415,0
4,399,0
4,136,0
4,202,0
4,360,0
4,413,0
4,409,0
4,146,0
4,222,0
4,427,0
4,346,0
4,395,0
4,425,0
4,224,0
4,130,0
4,246,0
4,428,0
4,322,0
4,182,0
4,200,0
4,335,0
4,336,0
4,124,0
4,290,0
4,152,0
4,248,0
4,260,0
4,221,0
4,167,0
4,396,0
4,238,0
4,350,0
4,210,0
4,270,0
4,299,0
4,261,0
4,345,0
4,209,0
4,412,0
4,384,0
4,329,0
4,313,0
4,298,0
4,198,0
4,410,0
4,131,0
4,301,0
4,422,0
4,374,0
4,416,0
4,161,0
4,397,0
4,289,0
4,275,0
4,284,0
4,145,0
4,398,0
4,373,0
4,160,0
4,147,0
4,274,0
4,403,0
4,122,0
4,314,0
4,349,0
4,164,0
4,125,0
4,419,0
4,121,0
4,357,0
4,302,0
4,168,0
4,300,0
4,186,0
4,150,0
4,129,0
4,187,0
4,420,0
4,421,0
4,234,0
4,296,0
4,414,0
4,170,0
4,334,0
4,126,0
4,297,0
4,402,0
4,140,0
4,330,0
4,201,0
4,282,0
4,304,0
4,331,0
4,423,0
4,317,0
4,332,0
4,154,0
4,151,0
4,323,0
5,910,1
5,401,1
5,490,1
5,463,1
5,299,1
5,303,1
5,36,0
5,464,1
5,287,1
5,518,1
5,586,1
5,278,1
5,550,1
5,517,1
5,473,0
5,327,1
5,384,1
5,465,1
5,289,1
5,360,1
5,339,0
5,607,0
5,316,0
5,485,1
5,587,1
5,462,1
5,601,0
5,557,1
5,306,1
5,302,1
5,62,1
5,731,1
5,39,0
5,369,1
5,219,1
5,765,1
5,274,0
5,532,0
5,321,0
5,491,1
5,320,1
5,640,1
5,12,1
5,305,1
5,572,0
5,531,0
5,529,0
5,22,1
5,293,1
5,308,1
5,376,0
5,923,1
5,382,1
5,659,1
5,383,1
5,367,1
5,657,1
5,243,1
5,941,0
5,8,1
5,695,1
5,441,1
5,658,1
5,571,0
5,279,1
5,368,1
5,296,1
5,313,1
5,328,1
5,226,1
5,329,1
5,235,1
5,673,1
5,275,1
5,609,0
5,693,1
5,292,1
5,88,1
5,280,1
5,513,1
5,551,1
5,622,1
5,290,1
5,295,1
5,216,1
5,74,1
5,668,1
5,322,0
5,95,1
5,4,1
5,420,1
5,298,1
5,338,0
5,55,0
5,362,0
5,47,1
5,440,1
5,281,1
6,4749,0
6,5221,1
6,2926,0
6,4915,0
6,4836,0
6,4903,0
6,4809,0
6,5059,1
6,5184,1
6,3064,0
6,4989,1
6,5258,1
6,3674,0
6,3431,0
6,5031,1
6,5142,1
6,3602,0
6,5057,1
6,4972,0
6,5124,1
6,3461,1
6,2992,0
6,4853,0
6,3494,0
6,3628,0
6,3085,0
6,5037,1
6,3894,1
6,5211,1
6,5089,1
6,3312,0
6,5053,1
6,5129,1
6,3128,0
6,2912,0
6,5033,1
6,4672,0
6,5201,1
6,3730,1
6,5069,0
6,3669,1
6,2904,0
6,5172,1
6,4784,0
6,5011,1
6,2961,0
6,5050,1
6,5106,1
6,5024,0
6,5223,1
6,5038,1
6,5253,1
6,3439,0
6,4923,0
6,5225,1
6,5137,1
6,5229,1
6,5009,1
6,5128,1
6,4928,0
6,5178,1
6,3824,1
6,3377,0
6,5244,1
6,3152,0
6,5023,0
6,5208,1
6,5205,1
6,3495,0
6,5077,1
6,3895,1
6,5088,1
6,5219,1
6,2914,0
6,5016,0
6,4970,0
6,4977,0
6,4967,0
6,4908,0
6,5034,1
6,5006,1
6,5151,1
6,5173,1
6,5008,1
6,5061,1
6,5131,1
6,5210,1
6,5081,1
6,5130,1
6,3860,0
6,5064,1
6,5278,1
6,5083,1
6,2983,0
6,5215,1
6,4995,1
6,5055,1
6,4893,0
6,3825,1
6,5085,1
6,5252,1
6,5177,1
6,3746,0
6,2936,0
6,4797,0
6,3107,0
6,3986,0
6,5018,0
6,4951,0
6,5123,1
6,3257,0
6,3471,0
6,3336,0
6,5136,1
6,5204,1
6,2903,0
6,3098,0
6,2953,0
6,2930,0
6,4917,0
6,3535,0
6,5078,1
6,3318,0
6,3150,0
6,5183,1
6,5276,1
6,5155,1
6,5058,1
6,4852,0
6,5145,1
6,5226,1
6,4798,0
6,5022,0
6,2908,0
6,4990,1
6,3525,1
6,2964,0
6,3032,0
6,4920,0
6,4976,0
6,5186,1
6,5039,1
6,4847,0
6,3432,0
6,5002,1
6,5189,1
6,5019,0
6,5072,0
6,4682,0
6,4960,1
6,5224,1
6,3313,0
6,3277,0
6,3823,1
6,4973,0
6,5133,1
6,3827,0
6,5017,0
6,3809,1
6,5126,1
6,2922,0
6,5049,1
6,5157,1
6,5060,1
6,3745,0
6,5067,0
6,4969,0
6,5013,1
6,3672,0
6,5174,1
6,3378,0
6,4794,0
6,2901,0
6,3105,1
6,5105,1
6,4329,0
6,5200,1
6,2938,0
6,5068,0
6,5114,1
6,4014,0
6,4961,1
6,3858,1
6,5108,1
6,5103,1
6,5171,1
6,4931,0
6,3372,0
6,4974,0
6,5170,1
6,3203,0
6,3259,0
6,3077,0
6,3434,0
6,4987,1
6,5220,1
6,5203,1
6,4839,0
6,5080,1
6,2948,0
6,5084,1
6,4850,0
6,4991,1
6,3151,0
6,5264,1
6,5079,1
6,5097,1
6,5010,1
6,5035,1
6,5056,1
6,3256,0
6,5191,1
6,5135,1
6,5175,1
6,5087,1
6,4930,0
6,5125,1
6,2918,0
6,3670,0
6,4854,0
6,5109,1
6,5179,1
6,5036,1
6,3121,0
6,5239,1
6,3776,1
6,5160,1
6,4946,0
6,5127,1
6,5277,1
6,4971,0
6,5134,1
6,4988,1
6,4602,0
6,5190,1
6,4905,0
6,5111,1
6,4899,0
6,5086,1
6,5063,1
6,3560,0
6,5007,1
6,2969,0
6,3662,1
6,4992,1
6,2977,0
6,5054,1
6,5176,1
6,3317,0
6,5141,1
6,5230,1
6,3463,1
6,5251,1
6,3668,1
6,5152,1
6,5001,1
6,3811,1
6,5112,1
6,5082,1
6,3045,0
6,4906,0
6,3205,0
6,3166,0
6,5071,0
6,5093,1
6,5143,1
6,4975,0
6,5181,1
6,5162,1
6,4864,0
6,3167,0
6,4907,0
6,5156,1
6,5113,1
6,5182,1
6,3020,0
6,2905,0
6,4962,1
6,3274,0
6,3430,1
6,5237,1
6,3584,0
6,3536,0
6,5104,1
6,5032,1
6,5044,1
6,5154,1
6,5107,1
6,5163,1
6,5180,1
6,4795,0
6,5228,1
6,5070,0
6,5132,1
6,3601,0
6,2919,0
7,282,1
7,788,0
7,61,1
7,294,1
7,272,1
7,269,1
7,286,1
7,1313,0
7,303,1
7,284,1
7,726,0
7,76,1
7,661,0
7,310,1
7,1179,0
7,1376,0
7,725,0
7,62,1
7,285,1
7,273,1
7,687,0
7,199,1
7,1363,0
7,238,1
7,1119,0
7,1154,0
7,287,1
7,299,1
7,1274,0
7,585,0
7,283,1
7,622,0
7,150,1
7,853,0
7,311,1
7,292,1
7,24,1
7,1346,0
7,660,0
7,270,1
7,1184,0
7,130,1
7,274,1
7,1314,0
7,1255,0
7,75,1
7,29,0
7,690,0
7,871,0
7,195,1
7,688,0
7,10,1
7,281,1
7,69,1
7,21,0
7,959,0
7,241,1
7,659,0
7,827,0
7,621,0
7,620,0
7,658,0
7,1169,0
7,39,1
7,268,1
7,136,1
7,305,1
7,619,0
7,297,1
7,293,1
7,1361,0
7,288,1
7,102,1
7,689,0
7,271,1
7,1136,0
7,1292,0
7,1117,0
7,1161,0
7,1329,0
8,3253,1
8,3081,0
8,2693,1
8,2859,1
8,2530,1
8,3559,0
8,2536,0
8,3201,0
8,2623,0
8,3426,0
8,2718,1
8,2310,0
8,2311,0
8,2854,1
8,2615,1
8,3075,1
8,2667,1
8,3044,0
8,2463,1
8,3191,1
8,2535,1
8,3137,1
8,3370,1
8,2662,1
8,818,0
8,3255,1
8,3203,1
8,3019,1
8,2849,0
8,3630,0
8,3187,0
8,2861,1
8,3468,0
8,3319,0
8,3590,0
8,2529,1
8,2532,1
8,2696,1
8,2848,0
8,3592,0
8,2816,1
8,3121,0
8,1094,0
8,3188,0
8,2800,1
8,3085,1
8,3629,0
8,3190,0
8,2527,1
8,3589,0
8,2798,1
8,2860,1
8,3371,1
8,3653,0
8,2450,0
8,3132,0
8,3021,1
8,3508,0
8,2695,1
8,3507,0
8,2702,1
8,2619,1
8,2819,1
8,3366,0
8,2771,1
8,2906,1
8,3308,0
8,2864,1
8,2577,1
8,2966,0
8,2928,1
8,3431,1
8,3632,0
8,3469,0
8,2715,1
8,2962,1
8,2857,0
8,2378,0
8,2602,1
8,2959,0
8,3246,0
8,2697,1
8,2309,0
8,2716,1
8,2620,1
8,3251,1
8,2817,1
8,468,0
8,2754,1
8,3631,0
8,3554,0
8,2958,0
8,3511,0
8,2905,0
8,3243,0
8,2241,0
8,3135,1
8,2600,1
8,2597,1
8,2580,1
8,2240,0
8,2380,0
8,3242,0
8,2660,1
8,2670,1
8,3193,1
8,2904,0
8,1441,0
8,2467,0
8,2582,1
8,3124,0
8,2379,0
8,1095,0
8,1557,0
8,3555,0
8,3077,1
8,3012,1
8,2694,1
8,3351,0
8,2903,1
8,3006,0
8,3087,1
8,3125,0
8,3310,0
8,976,0
8,3628,0
8,3086,1
8,2893,0
8,3130,1
8,3686,0
8,3123,0
8,3471,0
8,754,0
8,3257,1
8,1556,0
8,3626,0
8,2531,1
8,2534,1
8,2970,1
8,2858,0
8,2899,1
8,2762,1
8,3311,1
8,2617,1
8,927,0
8,3197,1
8,3367,1
8,1327,0
8,3427,0
8,2910,1
8,3074,0
8,1213,0
8,3073,0
8,2596,0
8,2618,1
8,2863,1
8,3016,0
8,2598,1
8,3007,0
8,2657,1
8,3072,0
8,3365,1
8,3233,0
8,3652,0
8,3071,0
8,3008,0
8,1440,0
8,1045,0
8,2691,1
8,3513,0
8,2503,1
8,2569,0
8,3307,0
8,2668,1
8,3561,0
8,3189,0
8,2669,1
8,2814,1
8,2656,1
8,555,0
8,3357,0
8,3122,0
8,2759,1
8,2790,0
8,3560,0
8,3013,1
8,2621,1
8,469,0
8,3205,0
8,3514,0
8,3356,0
8,2909,1
8,2528,1
8,3114,0
8,2969,0
8,3627,0
8,2599,1
8,3309,0
8,2760,1
8,2758,1
8,1326,0
8,3015,1
8,2505,1
8,3558,0
8,2574,1
8,2514,0
8,3314,1
8,2900,1
8,3241,0
8,3582,0
8,2894,0
8,3244,0
8,3200,0
8,3078,1
8,3129,1
8,2717,1
8,3510,0
8,3020,1
8,2690,1
8,2576,1
8,2975,0
8,2757,1
8,3252,0
8,711,0
8,3088,1
8,3479,0
8,1042,0
8,3557,0
8,3473,0
8,3079,1
8,2965,1
8,2655,1
8,3254,1
8,3472,0
8,2616,1
8,3195,1
8,3509,0
8,3249,1
8,3136,1
8,2791,1
8,1212,0
8,2971,1
8,2719,1
8,2972,1
8,2974,1
8,3591,0
8,3080,1
8,2902,1
8,2960,0
8,651,0
8,2699,1
8,3009,0
8,3134,1
8,2673,1
8,3364,1
8,3358,0
8,3313,1
8,3312,1
8,2601,1
8,2613,1
8,2802,0
8,2907,1
8,3361,0
8,3470,0
8,3526,0
8,3192,1
8,2818,1
8,2567,1
8,3005,0
8,2795,1
8,3256,1
8,2504,1
8,2659,1
8,2793,1
8,3353,0
8,2714,1
8,2575,1
8,2447,0
8,3352,0
8,2614,1
8,390,0
9,31,1
9,28,1
9,23,1
9,37,1
10,227,1
10,226,1
10,212,1
10,59,0
10,179,1
10,65,0
10,91,0
10,72,0
10,169,1
10,92,0
10,157,1
10,166,1
10,168,1
10,180,1
10,108,0
10,88,0
10,74,0
10,80,0
10,193,1
10,71,0
10,195,1
12,32,1
12,14,1
12,30,1
12,25,1
12,28,1
12,29,1
12,12,1
12,96,0
12,5,1
12,7,1
12,3,0
12,21,1
12,6,1
12,2,1
12,33,1
12,8,1
12,9,0
13,1014,1
13,964,1
13,1124,1
13,1155,1
13,927,0
13,1199,1
13,1271,1
13,883,1
13,1320,1
13,1095,1
13,1013,1
13,448,0
13,84,0
13,1248,1
13,1094,1
13,407,0
13,1096,1
13,1093,1
13,1344,1
13,1246,1
13,61,0
13,1395,1
13,1171,1
13,1172,1
13,1173,1
13,1231,1
13,1321,1
13,1247,1
13,760,1
13,965,1
13,1055,0
13,336,0
14,1350,0
14,2227,0
14,2392,1
14,2341,0
14,2356,1
14,2184,0
14,2412,0
14,2288,0
14,2232,0
14,1418,0
14,2409,1
14,1377,0
14,2347,1
14,935,0
14,988,0
14,732,0
14,2390,1
14,2152,0
14,2233,0
14,1391,0
14,2309,1
14,1414,0
14,1522,1
14,2360,1
14,1497,1
14,2202,0
14,2399,1
14,2401,0
14,2247,0
14,1400,0
14,2396,1
14,2380,1
14,2408,1
14,1436,0
14,2196,0
14,1353,0
14,1226,0
14,529,0
14,2333,1
14,2359,1
14,710,0
14,2139,0
14,2376,1
14,2353,1
14,2346,0
14,2382,1
14,1396,0
14,1034,0
14,2404,1
14,1531,0
14,1375,0
14,1009,0
14,1344,1
14,1441,1
14,2374,1
14,2265,0
14,1532,0
14,1366,1
14,2260,0
14,1595,0
14,2095,0
14,1465,0
14,2348,1
14,2362,1
14,2345,1
14,2358,1
14,1420,0
14,1416,0
14,2124,0
14,2330,1
14,2319,1
14,2175,0
14,2320,1
14,937,0
14,1392,0
14,2322,1
14,2407,1
14,2361,1
14,2331,0
14,1390,0
14,1609,1
14,1397,0
14,1035,0
14,2264,0
14,2393,1
14,1439,0
14,2334,1
14,2355,1
14,2406,1
14,2354,1
14,2308,1
14,2200,0
14,2377,1
14,2296,1
14,818,0
14,2335,1
14,911,0
14,1435,1
14,2315,0
14,2294,1
14,1398,0
14,2215,0
14,1274,0
14,1364,0
14,2378,1
14,2373,1
14,709,1
14,2238,0
14,2395,1
14,676,0
14,2220,0
14,1382,0
14,1355,0
14,2398,1
14,2306,0
15,3105,1
15,3091,1
15,553,0
15,1116,1
15,352,0
15,1097,1
15,1460,1
15,3117,1
15,1341,1
15,169,1
15,265,0
15,1143,1
15,577,0
15,1214,1
15,601,0
15,3087,1
15,1467,0
15,960,1
15,173,1
15,387,0
15,1222,1
15,468,0
15,1269,1
15,1022,1
15,1332,1
15,154,1
15,195,1
15,3127,1
15,3116,1
15,3119,1
15,1215,1
15,1311,1
15,3121,1
15,186,1
15,1343,1
15,2291,0
15,189,1
15,157,1
15,3097,1
15,218,1
15,1098,1
15,1158,0
15,174,1
15,170,1
15,192,1
15,2292,0
15,1122,1
15,3112,1
15,3104,1
15,1060,1
15,2380,0
15,1328,1
15,1811,0
15,193,1
15,528,0
15,165,1
15,501,0
15,3078,1
15,1157,0
15,997,1
15,177,1
15,1329,1
15,161,1
15,3089,1
15,1028,1
15,3107,1
15,1021,1
15,3120,1
15,3122,1
15,282,0
15,3096,1
15,3094,1
15,1404,1
15,342,0
15,1213,1
15,3126,1
15,3088,1
15,1449,1
15,1194,1
15,996,1
15,1192,1
15,162,1
15,1307,1
15,1231,0
15,1330,1
15,1136,1
15,1280,1
15,3113,1
15,1101,1
15,158,1
15,163,1
15,1346,1
15,1193,1
15,1283,1
15,1564,1
15,1347,0
15,1096,1
15,3102,1
15,1176,0
15,1212,0
15,1342,1
15,180,1
15,1171,1
15,3118,1
15,1306,1
15,3093,1
15,1161,1
15,1141,1
15,1309,1
15,317,0
15,1029,1
15,155,1
15,184,1
15,3098,1
15,1057,1
15,3099,1
15,200,1
15,1282,1
15,1211,0
15,3080,1
15,222,1
15,1281,1
15,3095,1
15,3081,1
15,1401,1
15,171,1
15,3106,1
15,199,1
15,1284,0
15,1469,0
15,978,1
15,1331,1
15,273,0
15,3082,1
15,1387,1
15,3111,1
15,1115,1
15,1444,1
15,166,1
15,3109,1
15,3114,1
15,3100,1
15,993,1
15,1261,0
15,1056,1
15,1513,1
15,426,0
15,1050,1
15,1349,0
15,3108,1
15,1402,1
15,1353,0
15,172,1
15,1224,1
15,196,1
15,1190,1
15,1138,1
15,3103,1
15,3125,1
15,3086,1
15,288,0
15,3115,1
15,298,0
15,1030,1
15,1156,0
15,1099,1
15,1103,1
15,3101,1
15,3124,1
15,1403,1
15,1160,1
15,175,1
15,305,0
15,1054,1
15,179,1
15,1345,1
15,3079,1
15,3110,1
15,1447,1
15,1025,1
15,1170,1
15,182,0
15,1139,1
15,3083,1
15,1221,1
15,2625,1
15,1268,1
15,1412,0
15,1461,1
15,3084,1
15,1244,1
15,1223,1
15,326,0
15,3085,1
15,976,1
15,190,1
15,1080,1
15,1242,1
15,1104,1
15,181,1
15,998,1
15,995,1
15,1055,1
15,1059,1
15,160,1
15,1159,0
15,3090,1
15,1308,1
15,3123,1
15,1140,1
15,959,1
15,3092,1
15,1344,1
16,320,0
16,319,0
16,404,0
16,920,0
16,674,1
16,745,1
16,429,1
16,684,1
16,55,0
16,804,1
16,1240,1
16,1425,1
16,426,0
16,1226,1
16,1370,1
16,372,0
16,1341,1
16,895,0
16,215,1
16,963,0
16,693,1
16,860,1
16,367,0
16,727,0
16,268,1
16,835,0
16,406,0
16,930,1
16,229,0
16,925,1
16,1241,1
16,403,0
16,905,1
16,762,1
16,703,1
16,239,1
16,321,0
16,783,0
16,385,0
16,293,1
16,269,0
16,673,1
16,322,0
16,368,0
16,919,0
16,838,1
16,302,0
16,924,1
16,354,0
16,694,1
16,389,0
16,677,1
16,337,0
16,279,0
16,257,1
16,719,1
16,232,1
16,318,0
16,1000,1
16,234,1
16,730,1
16,1396,1
16,676,1
16,1267,1
16,1204,1
16,793,1
16,704,1
16,1195,1
17,432,1
17,14,0
17,7,0
17,545,0
17,6,0
17,147,0
17,15,0
17,435,1
17,172,0
17,610,0
17,78,0
17,10,0
17,641,0
17,572,0
17,434,1
17,27,1
17,541,0
17,3,0
17,589,0
17,156,0
17,550,0
17,107,0
17,18,0
17,433,1
17,4,0
17,551,0
17,588,0
17,611,0
17,557,0
17,19,0
17,9,0
17,35,1
17,123,0
17,11,0
17,196,0
17,640,0
17,229,1
17,23,0
17,22,0
17,532,0
17,562,0
17,30,1
18,117,0
18,137,0
18,134,0
18,109,0
18,129,0
18,100,0
18,133,0
18,69,0
18,114,0
18,113,0
18,145,0
18,126,0
18,110,0
18,121,0
18,141,0
18,38,0
18,122,0
18,125,0
18,144,0
18,178,0
18,98,0
18,104,0
18,84,0
18,118,0
18,140,0
18,147,0
18,99,0
18,107,0
18,130,0
19,0,0
19,59,1
19,24,0
19,60,1
19,154,0
20,179,1
20,47,0
20,41,1
20,40,1
20,186,0
21,755,0
21,769,0
21,84,0
21,81,0
21,657,0
21,762,0
21,135,0
21,361,0
21,183,0
21,180,0
21,6,0
21,758,0
21,141,0
21,14,0
21,655,0
21,21,0
21,724,0
21,715,0
21,11,0
21,656,0
21,789,0
21,36,0
21,232,0
21,26,0
21,767,0
21,167,0
21,318,0
21,521,0
21,674,0
21,33,0
21,239,0
21,40,0
21,730,0
21,694,0
21,321,0
21,246,0
21,198,0
21,735,0
21,132,0
21,119,0
21,630,0
21,175,0
21,32,0
21,330,0
21,22,0
21,63,0
21,701,0
21,4,0
21,238,0
21,752,0
21,326,0
21,700,0
21,1,0
21,760,0
21,757,0
21,110,0
21,705,0
21,58,0
21,671,0
21,8,0
21,278,0
21,142,0
21,57,0
21,65,0
21,15,0
21,618,0
21,277,0
21,105,0
21,104,0
21,12,0
21,672,0
21,804,1
21,96,0
21,76,0
21,0,0
21,69,0
21,711,0
21,738,0
21,147,0
21,49,0
21,684,0
21,215,0
21,3,0
21,28,0
21,795,0
21,696,0
21,736,0
21,691,0
21,174,0
21,166,0
21,162,0
21,201,0
21,787,0
21,702,0
21,741,0
21,748,0
21,776,0
21,754,0
21,723,0
21,129,0
21,19,0
21,70,0
21,114,0
21,759,0
21,111,0
21,746,0
21,59,0
21,712,0
21,669,0
21,706,0
21,20,0
21,240,0
21,721,0
21,10,0
21,791,0
21,205,0
21,247,0
21,366,0
21,39,0
21,98,0
21,212,0
21,133,0
21,7,0
21,203,0
21,629,0
21,666,0
21,720,0
21,709,0
21,5,0
21,622,0
21,690,0
21,78,0
21,665,0
21,241,0
21,790,0
21,275,0
21,728,0
21,54,0
21,9,0
21,237,0
21,727,0
21,773,0
21,685,0
21,703,0
21,743,0
21,29,0
21,710,0
21,83,0
21,792,0
21,276,0
21,211,0
21,668,0
21,168,0
21,102,0
21,620,0
21,72,0
21,750,0
21,319,0
21,236,0
21,106,0
21,664,0
21,320,0
21,729,0
21,725,0
21,136,0
21,761,0
21,291,0
21,285,0
21,43,0
21,667,0
21,17,0
21,146,0
21,693,0
21,634,0
21,368,0
21,780,0
21,695,0
21,744,0
21,204,0
21,649,0
21,747,0
21,92,0
21,55,0
21,60,0
21,30,0
21,778,0
21,233,0
21,764,0
21,134,0
21,751,0
21,31,0
21,360,0
21,118,0
21,48,0
21,18,0
21,745,0
21,113,0
21,673,0
21,704,0
21,137,0
21,592,0
21,75,0
21,328,0
21,756,0
21,90,0
21,2,0
21,740,0
21,23,0
21,286,0
21,287,0
21,775,0
21,169,0
21,753,0
21,726,0
21,632,0
21,369,0
21,785,0
21,103,0
21,692,0
21,591,0
21,77,0
21,722,0
21,25,0
21,41,0
21,82,0
21,165,0
21,37,0
21,50,0
21,202,0
21,782,0
21,742,0
21,554,0
21,89,0
22,174,0
22,182,0
22,181,1
22,255,1
22,163,0
22,295,0
22,236,0
22,125,0
22,191,0
22,82,1
22,240,1
22,256,1
22,180,0
22,267,1
22,152,0
22,265,0
22,72,0
22,229,0
22,307,1
22,166,0
22,114,0
22,241,0
22,237,0
22,380,0
22,218,1
22,332,0
22,151,0
23,126,0
23,145,0
23,293,0
23,384,0
23,106,0
23,202,0
23,330,0
23,334,0
23,329,0
23,270,0
23,117,0
23,274,0
23,292,0
23,290,0
23,333,0
23,162,0
23,194,0
23,104,0
23,345,0
23,171,0
23,155,0
23,246,0
23,298,0
23,218,0
23,398,0
23,392,0
23,342,0
23,172,0
23,332,0
23,309,0
23,328,0
23,142,0
23,318,0
23,139,0
23,131,0
23,230,0
23,254,0
23,181,0
23,304,0
23,223,0
23,203,0
23,161,0
23,144,0
23,116,0
23,404,0
23,326,0
23,128,0
23,267,0
23,367,0
23,229,0
23,385,0
23,366,0
23,303,0
23,291,0
23,408,0
23,237,0
23,335,0
23,307,0
23,180,0
23,245,0
23,261,0
23,289,0
23,266,0
23,305,0
23,119,0
23,40,1
23,110,0
23,391,0
23,411,0
23,331,0
23,306,0
23,399,0
23,225,0
23,111,0
23,409,0
23,355,0
23,107,0
23,295,0
23,234,0
23,405,0
23,108,0
23,138,0
23,327,0
23,354,0
23,112,0
23,238,0
23,336,0
23,353,0
23,288,0
23,294,0
23,130,0
23,308,0
23,115,0
23,175,0
23,268,0
23,269,0
23,271,0
23,105,0
23,120,0
23,302,0
23,282,0
23,113,0
23,159,0
23,156,0
23,313,0
24,207,0
24,259,1
24,765,1
24,203,0
24,304,0
24,763,1
24,166,0
24,107,0
24,770,1
24,351,0
24,337,0
24,137,0
24,260,1
24,205,0
24,118,1
24,773,1
24,767,1
24,134,1
24,764,1
24,348,0
24,108,0
24,352,0
24,393,1
24,133,0
24,769,1
24,106,0
24,278,1
24,241,0
24,290,0
24,171,0
24,279,1
24,350,0
24,303,1
24,211,1
25,1257,1
25,1849,1
25,258,0
25,1833,1
25,1288,0
25,1350,0
25,1342,0
25,978,0
25,925,1
25,1314,0
25,1254,0
25,1836,1
25,328,0
25,254,0
25,203,0
25,1331,0
25,1305,0
25,1249,0
25,1260,0
25,1873,1
25,1862,1
25,1863,1
25,1284,0
25,1333,0
25,256,0
25,1250,0
25,1152,0
25,1278,0
25,1835,1
25,1261,1
25,1223,1
25,990,1
25,1285,0
25,205,0
25,1267,1
25,1837,1
25,1286,0
25,201,0
25,1263,1
25,202,0
25,1865,1
25,1012,1
25,1270,0
25,237,0
25,991,1
25,1871,1
25,327,0
25,1301,0
25,1299,0
25,287,0
25,980,1
25,1287,1
25,1202,0
25,1886,0
25,1277,0
25,1369,0
25,1848,1
25,1224,0
25,1146,0
25,255,0
25,1011,0
25,1225,0
25,1765,0
25,1041,0
25,204,0
25,1877,1
25,295,0
25,1295,0
25,1310,0
25,296,0
25,1859,1
25,1273,1
25,1861,1
25,1280,1
25,1878,1
25,1275,0
25,1884,0
25,1303,0
25,981,0
25,1834,1
25,1298,0
25,238,0
25,472,0
25,1313,0
25,1337,0
25,1259,1
25,1872,1
25,1850,1
25,1177,0
25,1786,0
25,1306,0
25,257,0
25,260,0
25,1386,0
25,1309,0
25,1318,0
25,1307,0
25,1279,0
25,402,0
25,982,1
25,1341,0
25,200,0
25,1851,1
25,1265,0
25,1116,0
25,957,1
25,1317,0
25,1340,0
25,1289,0
25,1292,0
25,1256,0
25,1271,1
25,1876,1
25,946,1
25,1220,1
25,1296,0
25,1266,0
25,1864,1
25,1201,0
25,1272,0
26,161,1
26,390,0
26,135,1
26,359,1
26,454,0
26,996,0
26,89,1
26,599,1
26,868,0
26,553,0
26,492,0
26,632,0
26,810,0
26,186,0
26,592,0
26,408,1
26,614,1
26,477,0
26,778,1
26,450,0
26,953,0
26,803,0
26,1051,0
26,699,0
26,745,0
26,654,0
26,660,0
26,350,0
26,520,0
26,596,0
26,519,0
26,595,0
26,309,1
26,663,1
26,269,1
26,406,1
26,283,0
26,470,1
26,646,1
26,352,1
26,90,0
26,451,0
26,455,0
26,525,0
26,158,0
26,581,1
26,652,0
26,647,1
26,268,1
26,610,1
26,656,0
26,768,0
26,361,0
26,132,0
26,468,1
26,253,0
26,661,1
26,609,1
26,358,1
26,617,0
26,709,0
26,523,0
26,475,1
26,514,0
26,457,0
26,955,0
26,805,0
26,348,0
26,861,0
26,448,0
26,323,0
26,937,0
26,388,0
26,357,1
26,157,0
26,897,0
26,198,0
26,864,0
26,601,1
26,587,0
26,404,1
26,590,0
26,732,0
26,604,1
26,182,0
26,993,0
26,351,0
26,771,0
26,896,0
26,421,0
26,282,0
26,605,1
26,464,0
26,252,0
26,281,1
26,405,1
26,707,0
26,300,1
26,395,1
26,613,0
26,131,0
26,766,0
26,391,0
26,774,0
26,513,0
26,310,1
26,764,0
26,586,0
26,130,0
26,258,1
26,50,1
26,322,0
26,311,1
26,396,1
26,698,0
26,329,1
26,651,0
26,1053,0
26,505,1
26,899,0
26,677,0
27,21,1
27,95,1
27,100,1
27,90,1
27,94,1
27,105,1
27,89,1
27,38,1
27,20,1
27,81,1
28,117,1
28,106,1
28,125,1
28,122,1
28,128,1
28,113,1
28,119,1
28,64,0
28,129,1
28,118,1
28,120,1
28,55,0
28,82,1
28,99,0
28,5,1
29,663,0
29,30,1
29,1094,0
29,309,0
29,310,0
29,343,1
29,52,0
29,306,0
29,664,0
29,504,0
29,1080,1
29,1,0
29,38,1
29,371,0
29,1003,1
29,272,0
29,701,0
29,684,0
29,330,0
29,273,0
29,623,0
29,106,0
29,344,0
29,1142,1
29,291,0
29,1105,0
29,346,0
29,978,1
29,639,0
29,292,0
29,331,0
29,582,0
29,723,0
29,1024,1
29,349,0
29,1134,1
29,1106,0
29,1027,1
29,593,0
29,564,0
29,1136,1
29,1028,1
29,345,0
29,1139,1
29,24,0
29,41,1
29,1104,0
29,1017,1
29,347,0
29,1099,0
29,1012,0
29,1095,1
30,45,1
30,394,1
30,1115,0
30,607,1
30,897,0
30,1112,1
30,18,1
30,46,1
30,119,1
30,393,1
30,77,1
30,1227,1
30,396,1
30,1009,1
30,349,1
30,96,1
30,791,0
30,136,1
30,76,1
30,667,1
30,1136,0
30,108,1
30,392,1
30,661,0
30,212,1
30,332,1
30,347,1
30,562,1
30,383,1
30,1135,0
30,7,1
30,86,1
30,509,1
30,199,1
30,37,0
30,351,1
30,723,0
30,166,1
30,348,1
30,362,1
30,378,1
30,1260,0
30,1147,1
30,587,1
30,84,1
30,363,1
30,1246,1
30,1259,1
30,1261,0
30,346,1
30,317,1
30,373,1
30,179,1
30,107,1
30,55,1
30,97,1
30,923,0
30,33,1
31,2924,1
31,2725,1
31,2645,1
31,804,1
31,2800,1
31,3325,1
31,2123,1
31,2264,1
31,2884,1
31,2658,1
31,2650,1
31,2583,1
31,2892,1
31,3241,1
31,2777,1
31,2889,1
31,2978,1
31,2595,1
31,2882,1
31,2308,1
31,873,1
31,2831,1
31,2722,1
31,2252,1
31,3360,1
31,2728,1
31,2526,1
31,2633,1
31,2414,1
31,2654,1
31,2881,1
31,3276,1
31,3243,1
31,2119,1
31,2887,1
31,2363,1
31,3079,1
31,2393,1
31,2518,1
31,2616,1
31,2976,1
31,2808,1
31,2581,1
31,3105,1
31,2499,1
31,2973,1
31,2943,1
31,3101,1
31,3163,1
31,2459,1
31,2984,1
31,3098,1
31,2594,1
31,3124,1
31,2621,1
31,2392,1
31,2410,1
31,2949,1
31,3104,1
31,2655,1
31,3180,1
31,2358,0
31,603,0
31,847,1
31,2731,1
31,2261,1
31,3272,1
31,3328,1
31,2553,1
31,3006,1
31,1509,0
31,2291,1
31,2286,1
31,2993,1
31,2406,1
31,2593,1
31,3190,1
31,2543,0
31,3125,1
31,779,1
31,3215,1
31,734,1
31,2360,1
31,2615,1
31,2275,1
31,2727,1
31,2042,1
31,2298,1
31,2306,0
31,817,0
31,2290,1
31,3501,1
31,2726,1
31,2718,1
31,2648,1
31,2204,1
31,2987,1
31,2248,1
31,3046,1
31,2357,1
31,2580,1
31,2714,1
31,3277,1
31,2810,1
31,2401,1
31,3183,1
31,2471,1
31,3107,1
31,3196,1
31,2475,1
31,2289,0
31,2313,1
31,3274,1
31,2356,1
31,2254,1
31,3273,1
31,2992,1
31,3152,1
31,2305,1
31,2470,0
31,3446,1
31,2255,1
31,3088,1
31,2407,1
31,2898,1
31,2352,1
31,2192,0
31,2528,1
31,2464,1
31,3045,1
31,3240,1
31,3047,1
31,2388,1
31,2529,1
31,2448,1
31,3080,1
31,3280,1
31,2760,1
31,2350,1
31,2460,1
31,2713,1
31,2434,0
31,735,1
31,1737,0
31,2998,1
31,3469,1
31,2391,0
31,2601,0
31,2361,1
31,2712,1
31,1459,0
31,2981,1
31,2959,1
31,3447,1
31,3413,1
31,846,1
31,2335,1
31,2883,1
31,2994,1
31,2359,1
31,2502,1
31,2829,0
31,2885,1
31,3267,1
31,3019,1
31,2339,1
31,2299,1
31,2797,1
31,2799,1
31,2417,1
31,3512,1
31,2569,1
31,2444,1
31,2486,0
31,2412,1
31,2310,1
31,2307,1
31,2657,1
31,1241,0
31,2576,1
31,2983,1
31,2948,1
31,2730,1
31,2514,1
31,3040,1
31,2337,1
31,3089,1
31,3100,1
31,2302,1
31,2516,1
31,3095,1
31,2644,1
31,2646,1
31,3106,1
31,3129,0
31,2798,1
31,2445,1
31,2382,1
31,2988,1
31,1940,1
31,2960,1
31,2236,0
31,2985,1
31,2578,1
31,2303,1
31,2415,0
31,672,0
31,3362,1
31,795,1
31,764,0
31,2450,1
31,2745,0
31,2649,1
31,2249,1
31,848,1
31,2582,1
31,3051,1
31,2262,1
31,3184,1
31,2517,1
31,3000,1
31,2552,1
31,2999,1
31,2519,0
31,2311,1
31,2997,1
31,2351,1
31,895,0
31,1005,0
31,3024,1
31,2890,1
31,3087,1
31,1713,0
31,2390,1
31,675,1
31,3266,1
31,2421,1
31,3110,1
31,3271,1
31,2463,1
31,2198,0
31,2813,1
31,2546,0
31,2717,1
31,2366,1
31,2560,1
31,3500,1
31,2986,1
31,2899,1
31,2614,1
31,3359,1
31,2700,1
31,2196,0
31,2443,1
31,2811,1
31,2972,1
31,3108,1
31,3284,1
31,2651,1
31,682,1
31,2300,1
31,2489,0
31,2653,1
31,2901,1
31,2660,1
31,3285,1
31,2493,1
31,2849,1
31,1584,0
31,3275,1
31,843,0
31,2513,1
31,3150,1
31,2659,1
31,805,1
31,3090,1
31,2449,1
31,2462,1
31,3049,1
31,2801,1
31,2496,1
31,3042,1
31,2341,1
31,3361,1
31,2416,1
31,2409,1
31,3078,1
31,3185,1
31,2559,1
31,2263,1
31,2472,1
31,2466,1
31,3102,1
31,2729,1
31,2438,1
31,3470,1
31,2295,0
31,3097,1
31,3091,1
31,2067,1
31,3283,1
31,2606,0
31,2441,0
31,2419,1
31,2719,1
31,2671,1
31,2365,1
31,2592,1
31,2353,1
31,2716,1
31,2554,1
31,2509,1
31,2634,1
31,2259,1
31,2355,0
31,2408,1
31,2405,1
31,2240,0
31,700,0
31,3050,1
31,792,0
31,2577,1
31,3192,1
31,703,1
31,2461,1
31,2946,1
31,2432,1
31,2389,1
31,2354,1
31,2894,1
31,2923,0
31,2862,1
31,2336,1
31,2893,1
31,1410,0
31,2642,1
31,2455,1
31,2376,1
31,2364,1
31,3279,1
31,2590,1
31,3189,1
31,2991,1
31,2802,1
31,3099,1
31,2989,1
31,3414,1
31,3077,1
31,2456,1
31,2043,0
31,2701,1
31,2794,1
31,1787,0
31,2338,0
31,2288,1
31,2473,1
31,2812,1
31,3216,1
31,2515,1
31,3181,1
31,2487,1
31,2579,1
31,2807,1
31,2258,1
31,2476,1
31,2340,1
31,2721,1
31,2527,1
31,2418,1
31,2420,1
31,2982,1
31,2497,1
31,2525,1
31,2362,1
31,2891,1
31,3304,1
31,2888,1
31,1917,1
31,1609,0
31,3269,1
31,3268,1
31,2669,0
31,3092,1
31,2312,1
31,3093,1
31,2544,0
31,2377,0
31,2809,1
31,2795,1
31,2589,1
31,2656,1
31,2720,1
31,2077,0
31,3096,1
31,2413,1
31,2796,1
31,2900,1
31,2684,1
31,2309,1
31,746,1
31,3103,1
31,2570,1
31,3001,1
31,2715,1
31,2803,1
31,2253,1
31,2903,1
31,2260,1
31,3182,1
31,2902,1
31,3270,1
31,2542,1
31,775,1
31,3278,1
31,3302,1
31,1484,0
31,2591,1
31,2990,1
31,2039,0
31,2501,1
31,2435,0
31,3048,1
31,3253,1
31,2863,1
31,1559,0
31,3060,1
31,2995,1
31,2251,1
31,3193,1
31,3094,1
31,3177,1
31,2886,1
31,2349,1
31,821,1
31,2301,1
31,2394,1
31,3191,1
31,2474,1
31,2530,1
31,2947,1
31,3002,1
32,82,0
32,1231,0
32,206,0
32,19,1
32,32,0
32,755,0
32,362,0
32,164,0
32,112,0
32,210,0
32,66,0
32,253,0
32,1014,0
32,738,0
32,776,0
32,778,0
32,10,1
32,1162,0
32,1499,0
32,241,0
32,964,0
32,195,0
32,252,0
32,70,0
32,1302,0
32,167,0
32,125,0
32,184,0
32,1,0
32,1092,0
32,49,0
32,74,0
32,741,0
32,1147,0
32,1372,0
32,101,0
32,154,0
32,72,0
32,190,0
32,740,0
32,731,0
32,83,0
32,257,0
32,188,0
32,779,0
32,265,0
32,14,1
32,1129,0
32,242,0
32,192,0
32,216,0
32,1669,0
32,1197,0
32,688,0
32,687,0
32,175,0
32,715,0
32,157,0
32,756,0
32,777,0
32,781,1
32,172,0
32,174,0
32,48,0
32,248,0
32,196,0
32,223,0
32,788,0
32,214,0
32,742,0
32,736,0
32,207,0
32,720,0
32,345,0
32,770,1
32,790,0
32,1070,0
32,1234,0
32,185,0
32,1131,0
32,660,0
32,26,0
32,156,0
32,712,0
32,1438,0
32,757,0
32,753,0
32,821,0
32,739,0
32,713,0
32,768,1
32,711,0
32,1001,0
32,219,0
32,40,0
32,1097,0
32,119,0
32,346,0
32,1273,0
32,204,0
32,1589,0
32,791,0
32,1454,0
32,785,0
32,303,0
32,1326,0
32,88,0
32,233,0
32,236,0
32,227,0
32,30,1
32,1441,0
32,251,0
32,58,0
32,826,0
32,224,0
32,782,0
32,751,0
32,714,0
32,727,0
32,1069,0
32,1690,0
32,276,0
32,686,0
32,256,0
32,208,0
32,759,0
32,191,0
32,1306,0
32,168,0
34,5245,0
34,5252,0
34,5256,0
34,1712,0
34,1682,0
34,5443,0
34,4272,0
34,5282,0
34,4225,1
34,5210,0
34,5552,1
34,5377,0
34,2000,0
34,4158,0
34,5409,0
34,5549,1
34,5520,1
34,5352,0
34,5511,1
34,4185,0
34,1135,0
34,5353,0
34,5344,0
34,5209,0
34,480,0
34,4145,1
34,5408,0
34,1780,0
34,5336,0
34,5394,0
34,5416,0
34,5373,1
34,5529,1
34,5521,1
34,4172,0
34,5254,0
34,4131,1
34,1746,0
34,5519,0
34,1259,1
34,5231,0
34,4164,0
34,890,0
34,5422,1
34,2872,0
34,5482,0
34,4275,0
34,5216,0
34,5184,0
34,5320,0
34,611,0
34,2203,0
34,5439,0
34,5270,0
34,5497,1
34,1812,0
34,1599,0
34,1738,0
34,449,0
34,1804,0
34,5412,1
34,5421,1
34,5360,0
34,5508,0
34,3365,0
34,824,0
34,4171,0
34,5554,1
34,1022,0
34,4155,1
34,5485,1
34,4202,1
34,1080,0
34,2511,0
34,5503,1
34,5222,0
34,2271,0
34,1052,0
34,5428,1
34,2874,0
34,5194,0
34,4309,0
34,5516,1
34,1158,0
34,1831,0
34,5301,0
34,5454,1
34,5307,0
34,5440,0
34,5476,1
34,5486,1
34,928,0
34,4233,0
34,4194,0
34,1208,0
34,1106,0
34,1665,0
34,1556,0
34,1932,0
34,5460,1
34,5470,1
34,4200,0
34,5546,1
34,1677,0
34,5217,0
34,5200,0
34,2440,0
34,5489,1
34,5494,1
34,1574,0
34,4545,0
34,5534,1
34,5160,0
34,3039,0
34,4205,0
34,5356,0
34,3103,0
34,5368,0
34,5324,0
34,3104,0
34,5483,1
34,5205,0
34,4241,0
34,5432,0
34,5208,0
34,957,0
34,1048,0
34,5358,0
34,2407,0
34,1761,0
34,5502,1
34,1745,0
34,5553,1
34,5513,1
34,1649,0
34,2810,0
34,1654,0
34,5524,1
34,1108,0
34,5496,1
34,2578,0
34,4214,0
34,5540,1
34,3007,0
34,4184,0
34,2305,0
34,5269,0
34,1600,0
34,4188,0
34,4238,1
34,1653,0
34,2237,0
34,3202,0
34,5389,1
34,5405,1
34,5384,0
34,5498,1
34,5157,0
34,5380,1
34,5288,0
34,1051,0
34,4136,1
34,5169,0
34,4159,0
34,5504,1
34,1705,0
34,1676,0
34,1603,0
34,4139,0
34,5299,0
34,3299,0
34,2541,0
34,4148,0
34,5396,1
34,4162,1
34,5492,1
34,5328,0
34,5406,1
34,2034,0
34,1105,0
34,5183,0
34,5237,0
34,4195,1
34,1811,0
34,5424,0
34,4140,1
34,1134,0
34,1759,0
34,5257,0
34,2740,0
34,5136,0
34,5161,0
34,989,0
34,1841,0
34,1621,0
34,5484,1
34,4170,1
34,5120,0
34,1828,0
34,1772,0
34,2371,0
34,1050,0
34,1826,0
34,3268,0
34,4216,0
34,4197,0
34,5462,1
34,5445,0
34,5507,1
34,5501,1
34,2972,0
34,1664,0
34,2873,0
34,5453,0
34,3040,0
34,546,0
34,5447,0
34,5357,1
34,5420,1
34,5499,1
34,3267,0
34,5289,0
34,1696,0
34,1638,0
34,1184,0
34,1156,0
34,5448,0
34,4149,0
34,1965,0
34,5515,0
34,5175,0
34,5240,0
34,1725,0
34,4268,0
34,5466,1
34,4182,0
34,1078,0
34,1931,0
34,1077,0
34,5193,0
34,4192,1
34,5446,1
34,679,0
34,990,0
34,4489,0
34,1694,0
34,4334,0
34,1779,0
34,1613,0
34,373,0
34,5364,0
34,5191,0
34,5312,0
34,5392,0
34,579,0
34,5317,1
34,1554,0
34,5376,0
34,4150,1
34,5176,0
34,4237,0
34,1626,0
34,1726,0
34,926,0
34,5400,0
34,5167,0
34,5168,0
34,1023,0
34,450,0
34,1794,0
34,4161,0
34,4146,1
34,5335,0
34,955,0
34,1598,0
34,5550,1
34,4265,0
34,2738,0
34,5475,1
34,3364,0
34,5528,1
34,1864,0
34,4174,0
34,5267,0
34,4206,0
34,4308,0
34,3333,0
34,680,0
34,5305,0
34,2836,0
34,2971,0
34,5517,1
34,4203,0
34,5506,1
34,4425,0
34,2736,0
34,5478,0
34,5235,0
34,1625,0
34,5382,1
34,1648,0
34,5452,1
35,3030,1
35,3350,1
35,2075,0
35,2532,0
35,2748,1
35,2683,1
35,3093,1
35,2743,1
35,3267,0
35,2102,0
35,3180,0
35,3264,1
35,2892,1
35,3310,1
35,3277,1
35,2520,1
35,3403,0
35,2480,0
35,2741,1
35,493,0
35,62,1
35,3233,0
35,69,1
35,2628,1
35,3040,1
35,76,1
35,2866,1
35,2737,1
35,2706,1
35,2761,0
35,2165,0
35,2190,1
35,2396,1
35,3375,1
35,2303,0
35,3214,1
35,3041,1
35,2949,1
35,3087,1
35,3404,0
35,3362,0
35,3271,0
35,2211,0
35,2910,1
35,2728,1
35,3361,0
35,80,1
35,2814,1
35,3171,1
35,2617,1
35,2301,1
35,470,0
35,2951,1
35,3065,1
35,3367,0
35,3126,0
35,3017,1
35,2347,1
35,3026,1
35,39,1
35,2771,1
35,2749,1
35,2747,1
35,2887,1
35,2142,0
35,25,1
35,2644,1
35,2093,0
35,2611,1
35,2363,0
35,3278,0
35,3312,0
35,2645,1
35,3039,1
35,546,0
35,340,0
35,3092,1
35,3313,0
35,2689,1
35,2061,1
35,3345,1
35,3025,1
35,2077,0
35,2182,0
35,2116,0
35,2634,0
35,2618,1
35,2942,1
35,3179,1
35,3228,1
35,3128,1
35,2863,1
35,3097,1
35,2794,1
35,2881,1
35,74,1
35,2103,0
35,3521,1
35,3386,0
35,57,1
35,3022,1
35,3032,1
35,3276,1
35,3217,0
35,3281,1
35,2620,1
35,2153,0
35,2128,0
35,2252,0
35,2290,0
35,2094,0
35,2192,0
35,3331,1
35,2963,1
35,2894,0
35,2793,1
35,3244,1
35,2862,1
35,2096,0
35,2727,1
35,2097,0
35,3178,1
35,2076,0
35,2913,0
35,2958,1
35,3364,1
35,3045,1
35,2937,1
35,3137,1
35,3015,1
35,2738,1
35,3215,1
35,3262,0
35,3031,1
35,2201,0
35,3034,1
35,3381,0
35,2129,0
35,3505,1
35,3207,1
35,2619,1
35,2074,0
35,3136,1
35,2156,0
35,3437,1
35,2742,1
35,3266,0
35,174,1
35,2691,1
35,2328,0
35,3296,1
35,2131,0
35,2119,0
35,2226,0
35,2615,1
35,3488,1
35,2920,0
35,2967,1
35,2757,0
35,299,0
35,2815,1
35,471,0
35,3024,1
35,3197,0
35,2144,0
35,2629,1
35,2630,1
35,3265,0
35,623,0
35,2115,0
35,2676,1
35,3393,0
35,3094,1
35,3289,1
35,3487,1
35,3506,1
35,2946,1
35,2688,1
35,2490,0
35,3418,0
35,2755,1
35,2104,0
35,70,1
35,3086,1
35,2171,0
35,2795,1
35,2143,0
35,78,1
35,2613,1
35,2936,1
35,2872,1
35,2961,1
35,3432,0
35,51,1
35,3170,1
35,3227,1
35,3370,0
35,3248,1
35,2948,1
35,2348,0
35,2690,1
35,2986,1
35,265,1
35,2772,1
35,2564,0
35,2957,1
35,3014,1
35,63,1
35,2614,1
35,356,0
35,2773,1
35,2746,1
35,2696,0
35,3342,1
35,2740,1
35,2938,1
35,2987,1
35,3438,1
35,3324,0
35,2976,0
35,2996,0
35,2750,1
35,2744,1
35,2621,1
35,2090,0
35,2679,1
35,2249,0
35,3329,1
35,3401,0
35,2962,1
35,3220,1
35,2376,0
35,47,1
35,2955,1
35,3243,1
35,2136,0
35,419,0
35,3304,0
35,2797,1
35,2919,0
35,3023,1
35,2725,1
35,2609,1
35,3259,0
35,2745,1
35,3290,0
35,2726,1
35,2612,1
35,2105,0
35,3169,1
35,2575,0
35,2960,1
35,3400,0
35,2823,1
35,3284,0
35,2880,1
35,3263,1
35,2135,1
35,2284,0
35,2616,1
35,3250,0
35,3182,1
35,1,1
35,3311,1
35,572,0
35,2622,1
35,3372,0
35,2554,0
35,3129,1
35,2113,0
35,2459,0
36,333,1
36,1235,0
36,1181,1
36,1228,1
36,94,1
36,1164,0
36,2978,0
36,1104,1
36,669,1
36,451,1
36,414,1
36,423,1
36,5337,0
36,1274,1
36,1043,0
36,1122,1
36,2346,0
36,1120,1
36,3115,0
36,1088,1
36,497,1
36,1247,1
36,1321,1
36,3099,0
36,1195,1
36,77,1
36,619,1
36,2674,0
36,64,1
36,1212,1
36,221,0
36,304,1
36,149,1
36,190,1
36,499,1
36,1166,1
36,258,1
36,1250,1
36,1169,1
36,40,1
36,617,1
36,1025,1
36,117,1
36,1288,1
36,1168,1
36,1257,1
36,283,1
36,2857,0
36,317,1
36,339,1
36,1150,1
36,1289,1
36,101,0
36,3101,0
36,1256,1
36,561,1
36,1153,1
36,1106,1
36,3041,0
36,1335,1
36,231,1
36,1185,1
36,1306,1
36,5043,0
36,500,1
36,531,1
36,1275,1
36,1263,1
36,1087,1
36,5143,0
36,383,1
36,78,1
36,591,1
36,1010,0
36,4972,0
36,176,1
36,1307,1
36,186,1
36,1291,1
36,1251,1
36,1252,1
36,993,1
36,1151,1
36,3100,0
36,1341,1
36,469,1
36,1135,1
36,1174,1
36,5142,0
36,232,1
36,256,1
36,187,1
36,1227,1
36,438,1
36,168,1
36,1179,1
36,1107,1
36,1324,1
36,1214,1
36,1224,0
36,501,1
36,1320,1
36,386,1
36,4936,0
36,1055,1
36,330,1
36,1282,1
36,3039,0
36,1326,1
36,396,1
36,208,1
36,526,1
36,294,1
36,167,1
36,30,1
36,1180,1
36,52,1
36,100,0
36,1317,1
36,395,1
36,4973,0
36,1170,1
36,668,1
36,1149,1
36,144,1
36,234,1
36,471,1
36,1318,1
36,1041,1
36,441,1
36,4974,0
36,5006,0
36,381,1
36,1165,1
36,1008,1
36,212,1
36,358,1
36,1345,1
36,305,1
36,412,1
36,563,1
36,1177,0
36,559,1
36,1208,0
36,1201,1
36,562,1
36,3042,0
36,110,1
36,1284,1
36,1024,1
36,282,1
36,1338,1
36,1267,1
36,4369,1
36,129,1
36,109,1
36,560,1
36,4903,0
36,1102,1
36,1134,1
36,1234,1
36,211,1
36,2795,0
36,1220,1
36,53,1
36,1118,1
36,257,1
36,1173,1
36,331,1
36,1230,1
36,498,1
36,169,1
36,532,1
36,1330,1
36,1229,1
36,440,1
36,690,1
36,1260,1
36,544,1
36,468,1
36,1292,1
36,1060,0
36,1072,1
36,1183,1
36,5207,0
36,367,1
36,1167,1
36,130,1
36,632,1
36,92,1
36,1332,1
36,2918,0
36,1248,1
36,1315,1
36,436,1
36,645,1
36,5208,0
36,262,1
36,1323,1
36,1286,1
36,1071,1
36,368,1
36,307,1
36,128,1
36,188,1
36,1121,1
36,1309,1
36,1342,1
36,1103,1
36,1337,1
36,592,1
36,1232,1
36,1154,1
36,154,0
36,513,1
36,1148,1
36,5075,0
36,4792,0
36,259,1
36,4935,0
36,147,1
36,1265,1
36,261,1
36,189,1
36,1308,1
36,1119,1
36,1253,0
36,1204,1
36,1240,1
36,1319,1
36,230,1
36,4066,1
36,1261,1
36,618,1
36,236,1
36,437,1
36,1295,1
36,1155,1
36,293,1
36,644,1
36,5209,0
36,977,0
36,1218,1
36,512,1
36,1042,1
36,354,1
36,41,1
36,1312,1
36,1268,1
36,1244,1
36,527,1
36,1249,1
36,481,1
36,244,1
36,108,1
36,1133,1
36,1236,1
36,235,1
36,1262,1
36,1210,1
36,1213,1
36,1297,1
36,1273,1
36,332,1
36,1331,1
36,1176,0
36,413,1
36,1194,0
36,63,1
36,2809,0
36,1125,0
36,1280,1
36,4784,0
36,1276,0
36,1329,1
36,1189,1
36,220,1
36,1242,1
36,148,1
36,1272,1
36,5272,0
36,1057,1
36,281,1
36,480,1
36,1117,1
36,95,1
36,255,1
36,1182,1
36,1316,1
36,1069,1
36,1310,1
36,1056,1
36,65,1
36,1108,1
36,533,1
36,1070,1
36,4902,0
36,1090,1
36,1132,0
36,127,1
36,384,1
36,1285,1
36,1039,1
36,4783,0
36,2920,0
36,2675,0
36,314,1
36,3040,0
36,1216,1
36,111,1
36,306,1
36,1217,1
36,209,1
36,572,1
36,1293,1
36,3056,0
36,502,1
36,602,1
36,1152,1
36,1231,1
36,155,0
36,1243,1
36,655,1
36,1259,1
36,1327,1
36,4831,0
36,1089,1
36,1339,1
36,1136,1
36,2982,0
36,470,1
36,260,1
36,328,1
36,588,1
36,439,1
36,1073,1
36,1264,1
36,528,1
36,4788,0
36,1137,1
36,1074,1
36,1187,1
36,1222,0
36,200,1
36,4865,0
36,2858,0
36,1313,1
36,1215,1
36,80,1
36,633,1
36,382,1
36,1328,1
36,1184,1
36,1219,1
36,4861,0
36,357,1
36,343,1
37,81,1
37,179,1
37,74,1
37,120,1
37,92,1
38,356,0
38,226,0
38,1701,0
38,634,0
38,3901,0
38,2972,1
38,144,0
38,512,1
38,1433,0
38,980,0
38,406,0
38,3430,0
38,1407,0
38,3820,0
38,3732,0
38,3935,0
38,3415,1
38,1307,0
38,678,0
38,292,0
38,3435,1
38,138,0
38,964,0
38,1626,0
38,412,0
38,267,0
38,2930,1
38,652,0
38,196,0
38,738,0
38,1082,0
38,1207,0
38,3434,1
38,677,0
38,148,0
38,251,0
38,583,0
38,556,0
38,1676,0
38,1081,0
38,1775,0
38,981,1
38,3999,0
38,513,0
38,1056,1
38,2949,1
38,3080,1
38,939,0
38,1534,0
38,576,0
38,809,0
38,164,0
38,273,0
38,1408,0
38,608,0
38,887,0
38,2932,1
38,2825,1
38,1882,0
38,3433,0
38,1826,0
38,174,0
38,1651,0
38,3411,1
38,480,0
38,661,0
38,3427,1
38,3418,1
38,2843,1
38,636,1
38,530,0
38,435,0
38,1457,0
38,387,0
38,810,0
38,110,0
38,3940,0
38,676,0
38,731,1
38,531,0
38,277,0
38,3437,1
38,479,0
38,610,1
38,1511,0
38,1575,0
38,704,1
38,3832,0
38,3943,0
38,411,0
38,3731,0
38,703,0
38,3410,1
38,1358,0
38,1258,0
38,1107,1
38,1560,0
38,1799,0
38,1382,0
38,1600,0
38,1357,0
38,729,0
38,653,0
38,3431,1
38,2910,1
38,662,1
38,1547,0
38,780,0
38,3419,1
38,487,0
38,143,0
38,4446,1
38,3428,1
38,361,0
38,3934,0
38,317,0
38,2842,1
38,2892,1
38,136,0
38,859,0
38,1157,0
38,2434,1
38,1725,0
38,602,0
38,3426,1
38,781,0
38,3414,1
38,1432,0
38,835,0
38,1158,1
39,127,1
39,138,0
39,498,1
39,1225,0
39,95,1
39,445,1
39,556,0
39,1021,0
39,511,0
39,49,1
39,1100,1
39,91,1
39,992,0
39,151,1
39,453,0
39,152,1
39,124,1
39,1115,1
39,68,1
39,1174,0
39,94,1
39,148,1
39,111,1
39,66,1
39,121,1
39,92,1
39,99,1
39,129,1
39,64,1
39,531,0
39,522,0
39,96,1
39,97,1
39,545,0
39,78,0
39,1012,0
39,135,1
39,149,1
39,512,1
39,93,1
39,67,1
39,1041,0
39,579,0
39,150,1
39,1163,0
39,443,1
39,81,1
39,123,1
39,80,0
39,62,1
39,65,1
39,63,1
40,672,0
40,1906,1
40,2220,1
40,2241,1
40,800,0
40,886,0
40,895,0
40,794,0
40,966,0
40,2265,0
40,2272,1
40,2134,1
40,2292,1
40,3112,0
40,2401,1
40,2234,1
40,2340,1
40,2350,1
40,898,0
40,2087,1
40,2233,1
40,818,0
40,1960,1
40,2378,1
40,2391,1
40,2049,1
40,2164,0
40,613,0
40,2092,1
40,2789,0
40,2133,1
40,2411,1
40,1989,0
40,653,0
40,2252,1
40,1975,1
40,2214,1
40,2314,1
40,2090,1
40,2379,1
40,2222,1
40,742,0
40,694,0
40,2356,1
40,2339,1
40,783,0
40,2001,1
40,1249,1
40,2300,1
40,2227,1
40,2392,1
40,1929,1
40,2045,1
40,2205,1
40,2274,1
40,2253,1
40,2393,1
40,2267,1
40,2006,1
40,2291,1
40,677,0
40,1903,1
40,2402,1
40,2334,1
40,1180,1
40,2086,1
40,740,0
40,634,0
40,1963,1
40,1087,1
40,2332,1
40,2183,1
40,2261,1
40,2275,0
40,2213,1
40,2263,1
40,2398,1
40,724,0
40,2273,1
40,2325,0
40,2395,1
40,2410,1
40,2661,0
40,2223,1
40,709,0
40,2278,0
40,2280,0
40,792,0
40,1004,0
40,1038,1
40,888,0
40,1022,1
40,3170,0
40,2123,0
40,2409,1
40,2085,1
40,2369,1
40,2198,0
40,2173,1
40,2308,1
40,3200,0
40,2958,0
40,1005,1
40,2204,0
40,2519,0
40,1377,1
40,654,0
40,861,0
40,675,0
40,1179,0
40,2091,1
40,2345,1
40,2384,0
40,2390,1
40,3197,0
40,2060,1
40,1930,1
40,2408,1
40,1024,0
40,2407,1
40,1899,1
40,2262,1
40,2406,1
40,1904,1
40,2485,0
40,1839,1
40,1300,1
40,2376,1
40,864,0
40,2313,1
40,2608,0
40,2207,0
40,2341,1
40,1411,1
40,1840,1
40,2302,1
40,562,0
40,791,0
40,2128,1
40,770,0
40,2405,1
40,2007,1
40,2337,1
40,2374,1
40,890,0
40,2412,1
40,2316,0
40,2372,1
40,2257,1
40,3214,0
40,1472,1
40,3155,0
40,2396,1
40,2609,0
40,1071,0
40,989,1
40,2312,1
40,2260,1
40,2388,1
40,674,0
40,2046,1
40,2171,1
40,2050,1
40,2301,1
40,1055,1
40,815,0
40,790,0
40,2048,1
40,2371,1
40,3427,0
40,715,0
40,3414,0
40,990,1
40,2351,1
40,641,0
40,2180,1
40,2202,1
40,2276,0
40,866,0
40,1871,1
40,2386,1
40,2117,0
40,2317,0
40,2387,1
40,2348,1
40,1021,1
40,746,0
40,2400,1
40,992,1
40,2315,0
40,2352,1
40,2346,1
40,2003,1
40,3403,0
40,1412,1
40,2125,0
40,720,0
40,2044,1
40,2299,1
40,3086,0
40,1353,1
40,2018,1
40,2105,0
40,2377,1
40,2394,1
40,2397,1
40,2539,0
40,1956,1
40,1224,0
40,2172,1
40,2221,1
40,910,0
40,887,0
40,2126,0
40,2285,0
40,616,0
40,2370,1
40,2127,1
40,2403,1
40,527,0
40,2215,1
40,2245,0
40,1957,1
40,2120,0
40,1961,1
40,896,0
40,3366,0
40,2165,1
40,2163,0
40,2413,1
40,1019,1
40,1142,1
40,2162,0
40,2047,1
40,2159,0
40,3251,0
40,789,0
40,2293,1
40,2132,1
40,2124,0
40,2004,1
40,2182,1
40,2357,1
40,905,0
40,881,0
40,2240,0
40,2457,0
40,3390,0
40,2251,1
40,565,0
40,2380,1
40,784,0
40,2333,1
40,1203,1
40,2303,1
40,2161,0
40,2224,0
40,2043,1
40,1105,1
40,2383,1
40,2089,1
40,2382,1
40,2002,1
40,2326,0
40,2399,1
40,719,0
40,2212,1
40,2338,1
40,2297,1
40,2009,1
40,2375,1
40,726,0
40,2389,1
40,1955,1
40,769,0
40,865,0
41,661,1
41,189,0
41,239,0
41,1133,0
41,978,0
41,957,0
41,450,1
41,1146,0
41,36,0
41,648,0
41,973,0
41,21,0
41,58,0
41,1106,0
41,1134,0
41,696,1
41,1130,0
41,449,1
41,200,0
41,564,0
41,1131,0
41,302,0
41,1160,0
41,435,1
42,673,1
42,644,0
42,1194,1
42,800,0
42,829,0
42,436,0
42,795,0
42,552,0
42,651,0
42,645,0
42,604,0
42,2158,1
42,2166,1
42,956,0
42,714,1
42,1022,0
42,677,0
42,2156,1
42,647,0
42,138,0
42,713,0
42,1788,1
42,816,0
42,1794,1
42,992,0
42,679,0
42,140,0
42,135,0
42,649,1
42,2120,1
42,1106,0
42,666,0
42,195,0
42,2160,1
42,437,0
42,225,0
42,963,1
42,792,0
42,830,0
42,603,0
42,964,0
42,357,1
42,491,0
42,729,0
42,1260,1
42,668,1
42,991,0
43,542,1
43,449,1
43,539,1
43,538,1
43,492,1
43,484,1
43,451,1
43,326,1
43,90,0
43,464,1
43,490,1
43,533,1
43,552,0
43,519,1
43,488,1
43,521,1
43,532,1
43,547,1
43,428,1
43,535,1
43,485,1
43,446,1
43,447,1
43,508,1
43,117,0
43,520,1
43,486,1
43,439,1
43,534,1
43,424,0
43,487,1
43,19,0
43,20,0
43,460,1
43,505,1
43,524,1
43,502,1
43,430,1
43,511,1
43,525,1
43,434,0
43,475,1
43,504,1
43,324,1
43,503,1
44,101,1
44,91,1
44,160,1
44,158,1
44,141,0
44,64,1
44,99,1
44,74,1
44,96,1
44,149,0
44,103,1
44,161,1
44,154,1
44,100,1
44,105,1
44,55,1
44,104,1
44,159,1
44,152,1
44,145,0
44,156,1
45,47,0
45,422,0
45,250,0
45,413,0
45,37,0
45,459,0
45,421,0
45,385,0
45,433,0
45,406,0
45,374,0
45,552,0
45,425,0
45,290,0
45,397,0
45,251,0
45,584,0
45,426,0
45,337,0
45,396,0
45,228,0
45,399,0
45,424,0
45,506,0
45,381,0
45,213,0
45,4,0
45,458,0
45,447,0
45,518,0
45,507,0
45,554,0
45,392,0
45,487,0
45,367,0
45,394,0
45,531,1
45,373,0
45,475,0
45,71,0
45,452,0
45,517,0
45,515,0
45,16,0
45,401,0
45,571,0
45,32,0
45,438,1
45,415,0
45,538,0
45,375,0
45,476,0
45,474,0
45,465,0
45,504,0
45,500,1
45,565,0
45,613,0
45,411,0
45,444,0
45,398,0
45,191,0
45,480,0
45,442,0
45,553,0
45,446,0
45,445,0
45,491,0
45,56,0
45,372,0
45,384,0
45,443,0
45,522,0
45,93,0
45,11,0
45,519,0
45,651,1
45,551,1
45,666,1
45,407,0
45,170,0
45,127,0
45,453,0
45,408,0
45,451,0
45,169,0
45,488,0
45,155,0
45,400,0
45,20,0
45,22,0
45,5,0
45,490,0
45,530,1
45,511,0
45,583,0
45,450,0
45,468,1
45,278,0
45,97,0
45,503,0
45,136,0
45,429,0
45,420,0
45,368,0
45,2,0
45,711,0
45,555,0
45,388,0
45,393,0
45,9,0
45,486,0
45,674,1
45,485,0
45,520,0
45,505,0
46,111,0
46,23,0
46,633,0
46,77,0
46,608,0
46,395,0
46,464,0
46,769,0
46,744,0
46,130,0
46,774,0
46,690,0
46,116,0
46,700,0
46,108,0
46,349,0
46,386,0
46,11,0
46,43,0
46,865,0
46,316,0
46,196,0
46,654,0
46,588,0
46,847,0
46,939,0
46,680,0
46,128,0
46,740,0
46,854,0
46,141,0
46,195,0
46,752,0
46,265,0
46,870,0
46,15,0
46,672,0
46,656,0
46,153,0
46,906,0
46,931,0
46,97,0
46,664,0
46,270,0
46,167,0
46,947,0
46,791,0
46,764,0
46,398,0
46,277,0
46,67,0
46,698,0
46,679,0
46,239,0
46,410,0
46,95,0
46,666,0
46,16,0
46,66,0
46,83,0
46,205,0
46,121,0
46,282,0
46,525,0
46,831,0
46,203,0
46,848,0
46,613,0
46,251,0
46,929,0
46,671,0
46,318,0
46,614,0
46,717,0
46,112,0
46,872,0
46,444,0
46,684,0
46,706,0
46,813,0
46,541,0
46,607,0
46,92,0
46,652,0
46,71,0
46,22,0
46,88,0
46,131,0
46,289,0
46,692,0
46,302,0
46,747,0
46,326,0
46,785,0
46,48,0
46,571,0
46,206,0
46,381,0
46,596,0
46,809,0
46,873,0
46,784,0
46,912,0
46,219,0
46,347,0
46,63,0
46,402,0
46,755,0
46,181,0
46,159,0
46,653,0
46,564,0
46,171,0
46,17,0
46,96,0
46,213,0
46,829,0
46,168,0
46,570,0
46,491,0
46,396,0
46,248,0
46,85,0
46,106,0
46,586,0
46,321,0
46,577,0
46,332,0
46,317,0
46,761,0
46,638,0
46,569,0
46,735,0
46,561,0
46,687,0
46,634,0
46,42,0
46,812,0
46,587,0
46,647,0
46,285,0
46,746,0
46,701,0
46,47,0
46,932,0
46,856,0
46,333,0
46,798,0
46,582,0
46,716,0
46,911,0
46,845,0
46,335,0
46,526,0
46,263,0
46,275,0
46,261,0
46,657,0
46,164,0
46,230,0
46,841,0
46,299,0
46,730,0
46,739,0
46,238,0
46,208,0
46,952,0
46,76,0
46,52,0
46,346,0
46,950,0
46,249,0
46,736,0
46,35,0
46,760,0
46,87,0
46,860,0
46,80,0
46,259,0
46,245,0
46,959,0
46,184,0
46,515,0
46,232,0
46,759,0
46,862,0
46,487,0
46,611,0
46,808,0
46,753,0
46,923,0
46,645,0
46,775,0
46,519,0
46,751,0
46,125,0
46,330,0
46,839,0
46,595,0
46,718,0
46,139,0
46,579,0
46,212,0
46,626,0
46,694,0
46,800,0
46,120,0
46,555,0
46,836,0
46,807,0
46,36,0
46,3,0
46,228,0
46,72,0
46,279,0
46,567,0
46,867,0
46,320,0
46,538,0
46,958,0
46,681,0
46,74,0
46,148,0
46,45,0
46,240,0
46,53,0
46,643,0
46,727,0
46,235,0
46,742,0
46,183,0
46,236,0
46,55,0
46,59,0
46,814,0
46,918,0
46,558,0
46,893,0
46,702,0
46,21,0
46,51,0
46,697,0
46,50,0
46,782,0
46,132,0
46,914,0
46,905,0
46,786,0
46,210,0
46,816,0
46,191,0
46,301,0
46,940,0
46,537,0
46,223,0
46,943,0
46,1,0
46,894,0
46,539,0
46,39,0
46,646,0
46,143,0
46,890,0
46,726,0
46,928,0
46,770,0
46,247,0
46,815,0
46,817,0
46,150,0
46,140,0
46,788,0
46,291,0
46,0,0
46,635,0
46,832,0
46,220,0
46,772,0
46,658,0
46,19,0
46,745,0
46,166,0
46,641,0
46,237,0
46,925,0
46,13,0
46,899,0
46,758,0
46,642,0
46,124,0
46,834,0
46,589,0
46,152,0
46,26,0
46,546,0
46,857,0
46,904,0
46,73,0
46,615,0
46,300,0
46,64,0
46,599,0
46,605,0
46,371,0
46,655,0
46,84,0
46,224,0
46,98,0
46,796,0
46,267,0
46,801,0
46,822,0
46,618,0
46,234,0
46,62,0
46,881,0
46,394,0
46,81,0
46,924,0
46,197,0
46,37,0
46,826,0
46,535,0
46,733,0
46,858,0
46,580,0
46,68,0
46,252,0
46,887,0
46,707,0
46,127,0
46,743,0
46,354,0
46,850,0
46,805,0
46,123,0
46,160,0
46,897,0
46,218,0
46,133,0
46,222,0
46,780,0
46,936,0
46,583,0
46,612,0
46,900,0
46,710,0
46,728,0
46,204,0
46,754,0
46,186,0
46,173,0
46,175,0
46,877,0
46,610,0
46,200,0
46,792,0
46,8,0
46,966,0
46,954,0
46,810,0
46,719,0
46,504,0
46,869,0
46,861,0
46,194,0
46,4,0
46,876,0
46,661,0
46,662,0
46,25,0
46,934,0
46,868,0
46,155,0
46,180,0
46,953,0
46,688,0
46,144,0
46,129,0
46,221,0
46,257,0
46,176,0
46,117,0
46,327,0
46,909,0
46,488,0
46,765,0
46,543,0
46,550,0
46,177,0
46,776,0
46,242,0
46,669,0
46,566,0
46,284,0
46,685,0
46,188,0
46,82,0
46,674,0
46,233,0
46,888,0
46,476,0
46,350,0
46,637,0
46,722,0
46,898,0
46,34,0
46,397,0
46,294,0
46,734,0
46,789,0
46,178,0
46,61,0
46,199,0
46,849,0
46,640,0
46,304,0
46,323,0
46,601,0
46,293,0
46,937,0
46,793,0
46,283,0
46,343,0
46,695,0
46,559,0
46,741,0
46,883,0
46,75,0
46,644,0
46,382,0
46,187,0
46,109,0
46,469,0
46,773,0
46,226,0
46,603,0
46,91,0
46,540,0
46,663,0
46,648,0
46,712,0
46,938,0
46,114,0
46,216,0
46,161,0
46,795,0
46,211,0
46,542,0
46,895,0
46,142,0
46,319,0
46,119,0
46,756,0
46,628,0
46,949,0
46,310,0
46,631,0
46,286,0
46,367,0
46,244,0
46,606,0
46,667,0
46,790,0
46,819,0
46,296,0
46,209,0
46,344,0
46,118,0
46,675,0
46,794,0
46,182,0
46,842,0
46,720,0
46,843,0
46,512,0
46,165,0
46,762,0
46,713,0
46,616,0
46,837,0
46,274,0
46,590,0
46,827,0
46,94,0
46,328,0
46,225,0
46,593,0
46,748,0
46,714,0
46,879,0
46,624,0
46,107,0
46,103,0
46,935,0
46,703,0
46,169,0
46,933,0
46,241,0
46,373,0
46,584,0
46,12,0
46,356,0
46,99,0
46,78,0
46,602,0
46,113,0
46,409,0
46,919,0
46,229,0
46,174,0
46,190,0
46,147,0
46,673,0
46,576,0
46,536,0
46,355,0
46,777,0
46,875,0
46,852,0
46,627,0
46,360,0
46,315,0
46,126,0
46,670,0
46,821,0
46,544,0
46,811,0
46,951,0
46,823,0
46,767,0
46,622,0
46,846,0
46,880,0
46,882,0
46,46,0
46,154,0
46,268,0
46,202,0
46,32,0
46,44,0
46,292,0
46,157,0
46,592,0
46,266,0
46,757,0
46,668,0
46,804,0
46,6,0
46,27,0
46,609,0
46,100,0
46,311,0
46,678,0
46,737,0
46,276,0
46,93,0
46,134,0
46,193,0
46,677,0
46,264,0
46,871,0
46,778,0
46,721,0
46,214,0
46,288,0
46,466,0
46,699,0
46,620,0
46,629,0
46,2,0
46,659,0
46,771,0
46,7,0
46,278,0
46,840,0
46,851,0
46,575,0
46,797,0
46,563,0
46,922,0
46,591,0
46,907,0
46,179,0
46,115,0
46,70,0
46,565,0
46,724,0
46,651,0
46,465,0
46,253,0
46,33,0
46,625,0
46,927,0
46,738,0
46,781,0
46,494,0
46,649,0
46,696,0
46,779,0
46,250,0
46,60,0
46,683,0
46,617,0
46,89,0
46,977,0
46,892,0
46,783,0
46,562,0
46,693,0
46,192,0
46,65,0
46,799,0
46,256,0
46,102,0
46,57,0
46,372,0
46,122,0
46,749,0
46,28,0
46,534,0
46,859,0
46,490,0
46,787,0
46,357,0
46,560,0
46,830,0
46,329,0
46,828,0
46,636,0
46,137,0
46,585,0
46,56,0
46,18,0
46,878,0
46,731,0
46,10,0
46,824,0
46,342,0
46,359,0
46,145,0
46,910,0
46,86,0
46,874,0
46,290,0
46,803,0
46,375,0
46,864,0
46,704,0
46,29,0
46,189,0
46,956,0
46,976,0
46,38,0
46,708,0
46,598,0
46,623,0
46,639,0
46,41,0
46,305,0
46,280,0
46,806,0
46,604,0
46,272,0
46,522,0
46,101,0
46,138,0
46,650,0
46,185,0
46,689,0
46,217,0
46,844,0
46,110,0
46,908,0
46,766,0
46,833,0
46,660,0
46,158,0
46,711,0
46,306,0
46,715,0
46,709,0
46,838,0
46,723,0
46,725,0
46,594,0
46,31,0
46,273,0
46,383,0
46,325,0
46,303,0
46,136,0
46,105,0
46,891,0
46,955,0
46,750,0
46,58,0
46,369,0
46,686,0
46,198,0
46,682,0
46,802,0
46,69,0
46,902,0
46,729,0
46,597,0
46,149,0
46,691,0
46,600,0
46,54,0
46,768,0
46,207,0
46,855,0
46,946,0
46,941,0
46,665,0
46,79,0
46,732,0
46,818,0
46,835,0
46,172,0
46,227,0
46,886,0
46,917,0
46,763,0
46,135,0
46,621,0
46,30,0
46,863,0
46,262,0
46,705,0
46,271,0
46,254,0
46,258,0
46,825,0
46,568,0
46,853,0
46,527,0
46,246,0
46,151,0
46,162,0
46,889,0
46,9,0
46,170,0
46,146,0
46,313,0
46,913,0
46,20,0
46,676,0
46,370,0
46,345,0
47,1639,0
47,1583,0
47,2738,0
47,384,1
47,1060,0
47,2689,0
47,1560,1
47,1553,0
47,1504,0
47,1506,0
47,1353,0
47,1653,0
47,2672,0
47,1618,0
47,1236,0
47,2654,0
47,612,0
47,1602,0
47,2796,0
47,2638,0
47,2565,0
47,1613,0
47,830,0
47,1319,0
47,2785,0
47,1366,0
47,2808,0
47,2660,0
47,1550,0
47,2603,0
47,1644,0
47,1651,0
47,1168,0
47,1511,0
47,1207,0
47,2167,0
47,2217,0
47,1564,0
47,2754,0
47,1622,0
47,674,0
47,2578,0
47,1666,0
47,2681,0
47,2756,0
47,656,0
47,1330,0
47,1441,0
47,1384,0
47,2620,0
47,595,0
47,1525,0
47,1607,0
47,2711,0
47,1597,0
47,1438,0
47,675,0
47,1334,0
47,1528,0
47,2731,0
47,1589,0
47,1126,0
47,2572,0
47,2601,0
47,636,0
47,2944,0
47,2152,0
47,2284,0
47,2418,0
47,1379,0
47,1681,0
47,2783,0
47,2712,0
47,1255,0
47,2718,0
47,618,0
47,2867,0
47,817,0
47,2453,0
47,2715,0
47,1202,0
47,1456,0
47,2666,0
47,2791,0
47,2556,0
47,1173,0
47,917,0
47,1625,0
47,2675,0
47,1574,0
47,1224,0
47,2779,0
47,1431,0
47,2661,0
47,1399,0
47,1636,0
47,2710,0
47,1529,0
47,1459,0
47,2697,0
47,1378,0
47,1286,0
47,1103,0
47,2652,0
47,1611,0
47,1167,0
47,1416,0
47,1468,0
47,1598,0
47,1299,0
47,1082,0
47,918,0
47,1288,0
47,2814,0
47,1634,0
47,2643,0
47,2793,1
47,1169,0
47,1269,0
47,2625,0
47,1627,0
47,336,1
47,2787,0
47,1191,0
47,1587,0
47,2716,0
47,853,0
47,1345,0
47,1301,0
47,2692,0
47,1407,0
47,1635,0
47,1351,0
47,1571,0
47,613,0
47,2774,0
47,2591,0
47,2515,0
47,1479,0
47,2737,0
47,2542,0
47,1435,0
47,1549,0
47,2788,0
47,1426,0
47,1680,0
47,2741,0
47,1563,0
47,1401,0
47,2628,0
47,716,0
47,2757,0
47,1530,0
47,2769,0
47,2786,0
47,2761,0
47,2825,0
47,1648,0
47,2728,0
47,1545,0
47,2376,0
47,2753,0
47,1519,0
47,2746,0
47,1619,0
47,1624,0
47,1656,0
47,1304,0
47,2300,0
47,1603,0
47,1417,0
47,2571,0
47,1393,0
47,2758,0
47,1364,0
47,1469,0
47,1361,0
47,2777,0
47,2602,0
47,1557,0
47,1510,0
47,1457,0
47,1601,0
47,1615,0
47,951,0
47,1595,0
47,1628,0
47,2614,0
47,125,1
47,1124,0
47,659,0
47,1010,0
47,1675,0
47,1565,0
47,1440,0
47,1623,0
47,989,0
47,2690,0
47,2773,0
47,2517,0
47,1605,0
47,1539,0
47,1868,0
47,2755,0
47,1576,0
47,1392,0
47,1657,0
47,1522,0
47,591,0
47,1157,0
47,2648,0
47,2768,0
47,2704,0
47,1642,0
47,1489,0
47,897,0
47,1616,0
47,1488,0
47,1673,0
47,2771,0
47,629,0
47,573,0
47,1548,0
47,1617,0
47,1478,0
47,1582,0
47,1580,0
47,2717,1
47,1513,0
47,1499,0
47,1552,0
47,2702,0
47,1443,0
47,1447,0
47,2624,0
47,1505,0
47,2613,0
47,2778,0
47,1520,0
47,1439,0
47,987,0
47,1679,0
47,1427,0
47,1609,0
47,1458,0
47,2906,0
47,1460,0
47,1660,0
47,1570,0
47,1329,0
47,2597,0
47,2742,0
47,597,0
47,1493,0
47,1415,0
47,2573,0
47,1429,0
47,1331,0
47,1641,0
47,2543,0
47,1676,0
47,1452,0
47,639,0
47,1461,0
47,1672,0
47,2713,0
47,1320,0
47,764,0
47,2662,0
47,1674,0
47,2455,0
47,715,0
47,1321,0
47,1573,0
47,2685,0
47,2762,0
47,1432,0
47,1546,0
47,1487,0
47,2706,0
47,2549,0
47,1205,0
47,1396,0
47,641,0
47,1287,0
47,2735,0
47,1773,0
47,1302,0
47,705,0
47,1390,0
47,1367,0
47,761,0
47,1428,0
47,2775,0
47,1486,0
47,1516,0
47,2627,0
47,2664,0
47,2750,0
47,2583,0
47,1569,0
47,1464,0
47,1240,0
47,1650,0
47,1558,0
47,1547,0
47,2653,0
47,1514,0
47,2733,0
47,2569,0
47,633,0
47,2684,0
47,1572,0
47,1254,0
47,1654,0
47,1517,0
47,1604,0
47,1608,0
47,2747,0
47,1678,0
47,2580,0
47,2695,0
47,1490,0
47,1480,0
47,2686,0
47,2626,0
47,1682,0
47,2452,0
47,1649,0
47,1577,0
47,2665,0
47,1190,0
47,1352,0
47,627,0
47,2776,0
47,1664,0
47,1101,0
47,2895,0
47,835,0
47,1077,0
47,1462,0
47,1786,0
47,1223,0
47,2727,0
47,1498,0
47,1383,0
47,1127,0
47,1397,0
47,1268,0
47,2736,0
47,1507,0
47,1606,0
47,1492,0
47,774,0
47,2258,0
47,1446,0
47,2082,0
47,1588,0
47,640,0
47,1391,0
47,2570,0
47,666,0
47,2745,0
47,1408,0
47,2687,0
47,1305,0
48,769,1
48,1411,1
48,0,1
48,822,0
48,808,0
48,814,0
48,4,1
48,316,0
48,126,0
48,1389,0
48,766,1
48,11,1
48,777,1
48,341,0
48,926,0
48,8,1
48,928,0
48,937,0
48,796,1
48,9,1
48,968,0
48,366,0
48,909,0
48,199,1
48,437,1
48,880,0
48,7,1
48,775,1
48,849,0
48,782,1
48,1001,0
48,6,1
48,3,1
48,131,0
48,423,1
48,910,0
48,10,1
48,771,1
49,760,0
49,873,0
49,891,0
49,883,0
49,177,0
49,1262,0
49,323,0
49,171,0
49,532,0
49,888,0
49,174,0
49,836,0
49,826,0
49,885,0
49,895,0
49,945,0
49,241,0
49,906,0
49,916,0
49,928,0
49,761,0
49,564,0
49,448,0
49,986,0
49,893,0
49,130,0
49,322,0
49,409,0
49,635,0
49,421,0
49,584,0
49,383,0
49,984,0
49,565,0
49,1131,0
49,785,0
49,854,0
49,853,0
49,905,0
49,627,0
49,296,0
49,817,0
49,662,0
49,1567,0
49,417,0
49,1079,0
49,962,0
49,1264,0
49,882,0
49,683,0
49,871,0
49,894,0
49,412,0
49,217,0
49,150,0
49,881,0
49,997,0
49,921,0
49,473,0
49,818,0
49,953,0
49,638,0
49,474,0
49,886,0
49,847,0
49,864,0
49,243,0
49,880,0
49,269,0
49,416,1
49,746,0
49,384,0
49,1076,0
49,1206,0
49,956,0
49,878,0
49,415,0
49,865,0
49,681,0
49,922,0
49,850,0
49,614,0
49,923,0
49,892,0
49,849,0
49,682,0
49,245,0
49,927,0
49,935,0
49,265,0
49,291,0
49,942,0
49,884,0
49,822,0
49,858,0
49,246,0
49,872,0
49,996,0
49,998,0
49,293,0
49,839,0
49,852,0
49,992,0
49,985,0
49,967,0
49,625,0
49,861,0
49,845,0
49,842,0
49,320,0
49,684,0
49,508,0
49,152,0
49,576,0
49,813,0
49,1327,0
49,745,0
49,663,0
49,1331,0
49,977,0
49,777,0
49,1207,0
49,827,0
49,420,0
49,783,0
49,807,0
49,920,0
49,192,0
49,810,0
49,727,0
49,348,0
49,196,0
49,219,0
49,943,0
49,913,0
49,240,0
49,297,0
49,870,0
49,925,0
49,110,0
49,673,0
49,846,0
49,624,0
49,19,0
49,790,0
49,944,0
49,714,0
49,389,0
49,991,0
49,924,0
49,975,0
49,887,0
49,449,0
49,778,0
49,713,0
49,324,0
49,664,0
49,1484,0
49,914,0
49,937,0
49,856,0
49,964,0
49,191,0
49,628,0
49,809,0
49,175,0
49,1210,0
49,874,0
49,915,0
49,860,0
49,952,0
49,988,0
49,879,0
49,978,0
49,793,0
49,242,0
49,919,0
49,819,0
49,321,0
49,983,0
49,538,0
49,815,0
49,270,0
49,218,0
49,955,0
49,414,0
49,268,0
49,1516,0
49,963,0
49,354,0
49,325,0
49,868,0
49,889,0
49,972,0
49,912,0
49,1485,0
49,353,0
49,877,0
49,890,0
49,911,0
49,926,0
49,1077,0
49,1160,0
49,794,0
49,676,0
49,267,0
49,410,0
49,941,0
49,904,0
49,857,0
49,216,0
49,786,0
49,419,0
49,589,0
49,476,0
49,848,0
49,173,0
49,292,0
49,349,0
49,533,0
49,1157,0
49,841,0
49,940,0
49,266,0
49,674,0
49,987,0
49,193,0
49,1621,0
49,851,0
49,859,0
49,1113,0
49,388,0
49,472,0
50,401,1
50,792,0
50,362,1
50,376,1
50,24,0
50,493,1
50,370,1
50,321,1
50,351,1
50,247,1
50,780,0
50,27,1
50,771,1
50,762,1
50,777,0
50,761,1
50,383,1
50,283,1
50,384,0
50,337,1
50,379,1
50,275,1
50,308,1
50,359,1
50,378,1
50,776,0
50,354,1
51,859,0
51,100,0
51,11,0
51,132,0
51,15,0
51,215,0
51,207,0
51,108,0
51,875,0
51,191,0
51,740,0
51,253,1
51,9,0
51,241,0
51,891,0
51,864,0
51,887,0
51,935,0
51,355,0
51,871,0
51,839,0
51,88,0
51,78,0
51,19,0
51,31,0
51,898,0
51,6,0
51,323,0
51,217,0
51,109,0
51,320,0
51,258,0
51,2,0
51,920,0
51,837,0
51,5,0
51,36,0
51,822,0
51,860,0
51,914,0
51,160,0
51,889,0
51,735,0
51,34,0
51,863,0
51,858,0
51,66,0
51,175,0
51,835,0
51,824,0
51,879,0
51,122,0
51,39,0
51,792,0
51,64,0
51,330,0
51,120,0
51,26,0
51,214,0
51,124,0
51,861,0
51,301,0
51,805,0
51,233,0
51,168,0
51,857,0
51,801,0
51,46,0
51,94,0
51,20,0
51,877,0
51,133,0
51,901,0
51,840,0
51,303,0
51,852,0
51,836,0
51,934,0
51,68,0
51,866,0
51,897,0
51,231,0
51,41,0
51,874,0
51,783,0
51,1288,0
51,798,0
51,273,0
51,880,0
51,862,0
51,102,0
51,870,0
51,319,0
51,868,0
51,54,0
51,119,0
51,234,0
51,913,0
51,848,0
51,883,0
51,17,0
51,884,0
51,67,0
51,890,0
51,869,0
51,828,0
51,300,1
51,806,0
51,278,0
51,849,0
51,232,0
51,813,0
51,820,0
51,903,0
51,766,0
51,321,0
51,838,0
51,188,0
51,83,0
51,1287,1
51,834,0
51,0,0
51,846,0
51,904,0
51,830,0
51,881,0
51,882,0
51,151,0
51,57,0
51,295,0
51,925,0
51,255,0
51,764,0
51,276,0
51,912,0
51,198,0
51,44,0
51,33,0
51,1338,0
51,878,0
51,1291,0
51,174,0
51,257,0
51,40,0
51,773,0
51,919,0
51,894,0
51,814,0
51,38,0
51,892,0
51,61,0
51,865,0
51,190,0
51,118,0
51,189,0
51,4,0
51,940,0
51,1,0
51,75,0
51,16,0
51,62,0
51,876,0
51,843,0
51,82,0
51,10,0
51,274,0
51,76,0
51,833,0
51,137,0
51,823,0
51,117,0
51,35,0
51,304,0
51,59,0
51,107,0
51,812,0
51,212,1
51,915,0
51,275,0
51,1322,0
51,1349,0
51,851,0
51,816,0
51,873,0
51,854,0
51,65,0
51,779,0
51,21,0
51,899,0
51,832,0
51,173,0
51,872,0
51,7,0
51,799,0
51,24,0
51,845,0
51,52,0
51,850,0
51,936,0
51,933,0
51,893,0
51,25,0
51,886,0
51,888,0
51,853,0
51,810,0
51,900,0
51,842,0
51,74,0
51,341,0
51,855,0
51,789,0
51,867,0
51,105,0
51,741,0
51,790,0
51,711,0
52,4294,1
52,455,1
52,4946,1
52,5445,1
52,4857,1
52,4776,1
52,5030,1
52,5280,1
52,4859,1
52,4693,1
52,4625,1
52,1977,1
52,4127,1
52,120,0
52,4909,1
52,5123,1
52,4397,1
52,5444,1
52,4439,1
52,5720,1
52,4642,1
52,4771,1
52,4943,1
52,625,1
52,4691,1
52,4688,1
52,4992,1
52,4994,1
52,4601,1
52,5126,0
52,5078,1
52,4441,1
52,180,0
52,5027,1
52,4673,1
52,4574,1
52,4739,1
52,5199,1
52,5198,1
52,5384,1
52,5025,1
52,5304,0
52,4532,1
52,4550,1
52,4681,1
52,4543,1
52,5452,1
52,4906,1
52,1633,0
52,4622,1
52,5407,1
52,4674,1
52,4753,0
52,4590,1
52,76,0
52,5473,1
52,4996,1
52,4905,1
52,4995,1
52,4991,1
52,5197,1
52,5276,1
52,95,0
52,4360,0
52,4766,1
52,4581,1
52,5116,1
52,4583,1
52,4864,0
52,1390,1
52,5031,1
52,117,0
52,5082,1
52,4624,1
52,4775,1
52,4548,1
52,5242,1
52,4727,1
52,5279,1
52,4908,1
52,5383,1
52,4744,1
52,5243,1
52,4394,0
52,5285,1
52,5141,0
52,5354,1
52,3080,1
52,26,0
52,4641,1
52,4777,0
52,210,0
52,1271,1
52,4856,0
52,4985,0
52,4863,1
52,211,0
52,4370,1
52,4855,1
52,4900,1
52,5117,1
52,4854,1
52,5114,1
52,4726,1
52,4396,0
52,5409,1
52,4724,1
52,4455,1
52,4395,1
52,1274,0
52,4743,1
52,4298,0
52,4904,1
52,4576,1
52,4546,1
52,212,0
52,4772,1
52,4951,1
52,4362,1
52,5205,1
52,5118,1
52,4944,1
52,4544,1
52,5159,0
52,4745,1
52,2124,1
52,4358,0
52,4626,1
52,4952,0
52,2502,1
52,4903,1
52,4575,1
52,5036,1
52,5321,1
52,147,0
52,5224,0
52,4682,1
52,5124,1
52,5208,0
52,5162,1
52,4988,1
52,4545,1
52,4723,1
52,4454,1
52,5320,1
52,176,0
52,4530,1
52,5194,1
52,4729,1
52,4858,1
52,4898,0
52,4821,1
52,3673,1
52,4815,1
52,4990,1
52,5431,0
52,5286,1
52,5277,1
52,5721,1
52,248,0
52,4769,1
52,4817,0
52,4591,1
52,5039,0
52,5260,0
52,4798,0
52,4374,1
52,5413,1
52,5029,1
52,3081,1
52,5122,1
52,5035,1
52,4537,1
52,4676,1
52,5348,1
52,4885,0
52,4736,1
52,4627,1
52,5353,1
52,5032,1
52,2369,1
52,5195,1
52,420,1
52,5161,1
52,5453,1
52,213,0
52,112,1
52,2898,1
52,4728,1
52,5244,1
52,5344,1
52,4730,1
52,5080,1
52,5349,1
52,4365,1
52,4902,0
52,4901,1
52,5193,0
52,5328,1
52,5112,1
52,4950,1
52,1488,1
52,4993,1
52,4829,1
52,4819,1
52,5057,0
52,4640,1
52,4941,1
52,5406,1
52,5281,1
52,4907,1
52,62,0
52,4767,1
52,4633,1
52,174,0
52,5037,1
52,4897,0
52,4675,1
52,280,0
52,5206,1
52,4677,1
52,4457,1
52,4773,1
52,4768,1
52,4495,1
52,4689,1
52,5081,1
52,4489,1
52,5372,0
52,5201,1
52,4945,1
52,1838,1
52,4862,1
52,96,0
52,4947,1
52,206,0
52,4820,1
52,94,0
52,5163,1
52,2255,1
52,5113,1
52,2853,1
52,3527,1
52,5200,1
52,4577,1
52,4973,0
52,5182,0
52,5350,1
52,5079,1
52,5028,1
52,3801,1
52,152,0
52,5319,1
52,5346,1
52,4456,1
52,5287,1
52,5077,1
52,4585,1
53,482,1
53,402,1
53,391,1
53,485,1
53,130,1
53,188,1
53,476,1
53,397,1
53,387,1
53,215,1
53,399,1
53,124,1
53,218,1
53,276,1
53,486,1
53,187,1
53,398,1
53,483,1
53,247,1
53,484,1
54,103,0
54,105,0
54,97,0
54,127,0
54,128,0
54,184,0
54,180,0
54,172,0
54,107,0
54,71,1
54,98,0
54,140,0
54,179,0
54,141,0
54,111,0
54,197,0
54,69,0
54,188,0
54,136,0
54,202,0
54,131,0
54,114,0
54,132,0
54,144,0
54,124,0
54,118,0
54,146,0
54,115,0
54,99,0
54,145,0
54,119,0
54,192,0
55,1559,0
55,1663,0
55,770,0
55,1889,0
55,80,0
55,2293,1
55,2331,1
55,1952,1
55,2266,1
55,1724,0
55,2298,1
55,78,0
55,1607,0
55,1993,1
55,82,0
55,1881,1
55,1560,0
55,2004,1
55,2309,1
55,1968,1
55,2316,1
55,1879,1
55,378,0
55,2025,1
55,1554,0
55,1667,0
55,2303,1
55,1776,0
55,1692,0
55,1880,1
55,627,0
55,2312,1
55,1341,0
55,1896,0
55,1505,0
55,1778,0
55,2177,0
55,1669,0
55,1969,1
55,2283,1
55,2325,1
55,2038,1
55,1994,1
55,1717,0
55,1832,0
55,2191,1
55,1500,0
55,1718,0
55,2292,1
55,2039,1
55,2149,1
55,1286,0
55,287,0
55,111,0
55,1666,0
55,1611,0
55,1878,1
55,2275,0
55,563,0
55,1929,1
55,1610,0
55,2311,1
55,1983,1
55,1951,1
55,1668,0
55,347,0
55,1830,0
55,697,0
55,288,0
55,2148,1
55,2291,1
55,1448,0
55,1851,1
55,2015,1
55,1612,0
55,1723,0
55,2289,1
55,289,0
55,1400,0
55,2307,1
55,402,0
55,94,0
55,2267,1
55,1615,0
55,2014,1
55,291,0
55,2127,1
55,1995,1
55,1606,0
55,2064,1
55,1827,0
55,406,0
55,2276,1
55,77,0
55,2310,0
55,342,0
55,2050,1
55,2313,1
55,1914,0
55,1452,0
55,403,0
55,1976,1
55,2290,1
55,2321,1
55,343,0
55,2093,1
55,442,0
55,1959,1
55,2294,1
55,2199,0
55,1895,0
55,1974,1
55,1958,1
55,1661,0
55,1949,1
55,1507,0
55,2305,1
55,2128,1
55,1779,0
55,1954,1
55,401,0
55,503,0
55,2320,1
55,2296,1
55,379,0
55,2326,1
55,1613,0
55,1722,0
55,1614,0
55,502,0
55,344,0
55,2319,1
55,2111,1
55,1931,1
55,1584,0
55,1453,0
55,1477,0
56,40,1
56,16,1
56,5,1
56,6,1
56,7,1
56,2,0
56,30,1
56,15,1
56,0,1
56,17,1
56,14,1
57,196,0
57,235,0
57,418,0
57,358,0
57,325,0
57,357,0
57,49,0
57,34,0
57,26,0
57,113,0
57,350,0
57,60,0
57,220,0
57,361,0
57,284,0
57,75,0
57,466,0
57,375,0
57,364,0
57,28,0
57,65,0
57,47,0
57,217,0
57,393,0
57,332,0
57,340,0
57,331,0
57,397,0
57,40,0
57,20,0
57,398,0
57,31,0
57,313,0
57,378,0
57,385,0
57,44,0
57,489,0
57,406,0
57,25,0
57,367,0
57,69,0
57,347,0
57,353,0
57,38,0
57,391,0
57,144,0
57,157,0
57,429,0
57,366,0
57,194,0
57,372,0
57,23,0
57,305,0
57,41,0
57,195,0
57,11,0
57,384,0
57,2,0
57,449,0
57,392,0
57,158,0
57,19,0
57,371,0
57,156,0
57,98,0
57,419,0
57,425,0
57,73,0
57,369,0
57,395,0
57,86,0
57,359,0
57,72,0
57,7,0
57,422,0
57,146,0
57,37,0
57,382,0
57,424,0
57,377,0
57,159,0
57,3,0
57,430,0
57,88,0
57,360,0
57,423,0
57,490,0
57,352,0
57,233,0
57,180,0
57,373,0
57,64,0
57,383,0
57,186,0
57,27,0
57,219,0
57,355,0
57,402,0
57,333,0
57,403,0
57,151,0
57,329,0
57,345,0
57,218,0
57,96,0
57,119,0
57,381,0
57,379,0
57,420,0
57,319,0
57,408,0
57,351,0
57,349,0
57,178,0
57,125,0
57,335,0
57,412,0
57,362,0
57,21,0
57,13,0
57,63,0
57,374,0
57,310,0
57,337,0
57,356,0
57,280,0
57,380,0
57,43,0
57,61,0
57,10,0
57,62,0
57,4,0
57,147,0
57,71,0
57,50,0
57,30,0
57,365,0
57,9,0
57,401,0
57,415,0
57,399,0
57,318,0
57,330,0
57,386,0
57,339,0
57,123,0
57,17,0
57,90,0
57,405,0
57,295,0
57,368,0
57,537,1
57,311,0
57,431,0
57,16,0
57,1,0
57,225,0
57,48,0
57,421,0
57,66,0
57,95,0
57,409,0
57,404,0
57,32,0
57,114,0
57,70,0
57,334,0
57,387,0
57,193,0
57,145,0
57,410,0
57,426,0
57,390,0
57,343,0
57,428,0
57,42,0
57,396,0
57,363,0
57,354,0
57,6,0
57,124,0
57,407,0
57,321,0
57,411,0
57,388,0
57,344,0
57,192,0
57,97,0
57,185,0
57,389,0
57,336,0
57,45,0
57,394,0
57,376,0
57,94,0
57,370,0
57,338,0
57,5,0
57,427,0
57,181,0
57,115,0
57,179,0
57,85,0
58,581,1
58,300,0
58,432,1
58,461,1
58,615,1
58,130,0
58,460,1
58,462,1
58,525,1
58,495,1
58,514,1
58,409,1
58,229,0
58,363,1
58,160,0
58,473,1
58,546,1
58,386,1
58,602,0
58,414,1
58,437,1
58,551,1
58,528,1
58,413,1
58,589,1
58,463,1
58,387,1
58,488,1
58,493,1
58,706,0
58,368,1
58,343,1
58,109,0
58,434,1
58,385,1
58,112,0
58,440,1
58,616,1
58,518,1
58,439,1
58,464,1
58,541,1
58,389,1
58,110,0
58,491,1
58,383,1
58,592,1
58,419,1
58,484,1
58,467,1
58,543,1
58,443,1
58,630,0
58,416,1
58,549,0
58,672,1
58,365,1
58,435,1
58,418,1
58,107,0
58,123,0
58,471,1
58,1263,1
58,384,1
58,613,1
58,364,1
58,516,1
58,269,0
58,544,1
58,108,0
58,382,1
58,193,0
58,691,1
58,522,1
58,106,0
58,1264,1
58,486,1
58,417,1
58,614,1
58,531,1
58,663,1
58,470,1
58,487,1
58,366,1
58,1265,1
58,582,1
58,662,1
58,441,1
58,529,1
58,554,1
58,553,1
58,415,1
58,410,1
58,433,1
58,934,0
58,670,1
58,490,1
58,381,1
59,103,1
59,118,1
59,90,1
59,99,1
59,156,1
59,155,1
59,75,0
59,106,1
59,97,1
59,122,1
59,120,1
59,104,1
59,130,1
59,110,1
59,123,1
59,124,1
59,115,1
59,105,1
60,12,0
60,132,0
60,3493,1
60,3173,1
60,2133,0
60,3207,1
60,3487,1
60,3899,1
60,39,0
60,3879,1
60,2993,0
60,3531,1
60,3867,1
60,2991,0
60,2364,0
60,2994,0
60,3866,1
60,3187,1
60,3912,1
60,67,0
60,3410,1
60,135,0
60,3538,1
60,37,0
60,2652,0
60,3211,1
60,1678,0
60,2363,0
60,59,0
60,95,0
60,3537,1
60,1804,0
60,3208,1
60,3915,1
60,1920,0
60,2749,0
60,2078,0
60,2748,0
60,35,0
60,3903,1
60,2823,1
60,51,0
60,3044,0
60,3368,1
60,2846,0
60,3878,1
60,2699,0
60,134,0
60,60,0
60,3440,1
60,81,0
60,50,0
60,100,0
60,3906,1
60,3042,0
60,3278,1
60,3411,0
60,6,0
60,2484,1
60,2944,0
60,3914,1
60,3897,1
60,2799,0
60,2948,0
60,52,0
60,2801,0
60,19,0
60,3158,1
60,1235,1
60,3156,1
60,90,0
60,49,0
60,89,0
60,18,0
60,1975,0
60,83,0
60,3318,1
60,3400,0
60,3503,1
60,2132,0
60,2077,0
60,3504,1
60,3916,1
60,99,0
60,1421,1
60,3872,1
60,3868,1
60,3251,1
60,3905,1
60,3530,1
60,117,0
60,28,0
60,3919,1
60,1195,1
60,41,0
60,36,0
60,63,0
60,1859,0
60,58,0
60,3871,1
60,30,0
60,27,0
60,133,0
60,3869,1
60,2302,0
60,2943,0
60,2698,0
60,3317,1
60,3870,1
60,26,0
60,34,0
60,3039,0
60,3917,1
60,3913,1
60,1316,1
60,101,0
60,3911,1
60,3862,1
60,2424,0
60,3902,1
60,2517,1
60,3220,1
60,1481,1
60,116,0
60,2190,0
60,1913,0
60,53,0
60,3907,1
61,727,1
61,664,1
61,1304,1
61,697,1
61,668,1
61,695,1
61,1311,1
61,636,1
61,1223,0
61,654,1
61,1310,1
61,691,1
61,595,1
61,657,1
61,795,0
61,634,1
61,621,1
61,1173,0
61,862,0
61,400,0
61,1307,1
61,687,1
61,710,1
61,718,1
61,705,1
61,1313,1
61,1323,1
61,1320,1
61,764,0
61,709,1
61,652,1
61,1318,1
61,1327,1
61,1152,0
61,714,1
61,389,0
61,985,0
61,715,1
61,688,1
61,655,1
61,623,1
61,719,1
61,624,1
61,875,0
61,713,1
61,635,1
61,1325,1
61,1317,1
61,832,0
61,448,0
61,1305,1
61,1312,1
61,872,0
61,1043,0
61,780,0
61,632,1
61,649,1
61,651,1
61,647,1
61,1326,1
61,833,0
61,797,0
61,784,0
61,786,0
61,722,1
61,699,1
61,712,1
61,1306,1
61,1322,1
61,1308,1
61,1309,1
61,725,1
61,726,1
61,790,0
61,685,1
61,1274,0
61,717,1
61,720,1
61,1297,0
61,823,0
61,723,1
61,928,0
61,876,0
61,1324,1
61,686,1
61,1079,0
61,706,1
61,1255,0
61,696,1
61,716,1
61,630,1
61,984,0
61,643,1
61,927,0
61,721,1
61,1321,1
61,631,1
61,910,0
61,1098,0
61,622,1
61,648,1
61,388,0
61,796,0
61,660,1
61,711,1
61,663,1
61,1041,0
61,662,1
61,1204,0
61,693,1
61,707,1
61,645,1
61,694,1
61,638,1
61,1316,1
61,698,1
61,641,1
61,1180,0
61,1315,1
61,665,1
62,83,1
62,75,1
63,1061,1
63,226,0
63,1003,1
63,314,0
63,675,0
63,993,1
63,211,0
63,994,1
63,243,0
63,268,0
63,678,1
63,317,0
63,238,0
63,295,0
63,697,1
63,269,0
63,189,0
63,995,1
63,999,1
63,753,1
63,711,1
63,281,0
63,783,1
64,220,0
64,512,0
64,507,0
64,91,0
64,396,0
64,555,0
64,6,0
64,5,0
64,476,0
64,544,0
64,487,0
64,670,0
64,474,0
64,564,0
64,409,0
64,548,0
64,27,0
64,207,0
64,119,0
64,559,0
64,517,0
64,469,0
64,526,0
64,60,0
64,525,0
64,500,0
64,23,0
64,34,0
64,522,0
64,579,0
64,3,0
64,89,0
64,100,0
64,542,0
64,454,0
64,379,0
64,16,0
64,4,0
64,554,0
64,47,0
64,566,0
64,485,0
64,582,0
64,562,0
64,386,0
64,327,0
64,54,0
64,531,0
64,519,0
64,580,0
64,673,0
64,26,0
64,371,0
64,478,0
64,25,0
64,404,0
64,12,0
64,352,0
64,674,0
64,29,0
64,376,0
64,59,0
64,473,0
64,551,0
64,167,0
64,377,0
64,178,0
64,471,0
64,556,0
64,64,0
64,130,0
64,165,0
64,575,0
64,434,0
64,57,0
64,448,0
64,524,0
64,31,0
64,550,0
64,56,0
64,11,0
64,121,0
64,341,0
64,537,0
64,514,0
64,679,0
64,671,0
64,455,0
64,353,0
64,137,0
64,169,0
64,433,0
64,347,0
64,413,0
64,573,0
64,565,0
64,78,0
64,97,0
64,445,0
64,465,0
64,442,0
64,369,0
64,414,0
64,77,0
64,678,0
64,383,0
64,495,0
64,680,0
64,672,0
64,61,0
64,394,0
64,73,0
64,462,0
64,364,0
64,447,0
64,168,0
64,406,0
64,373,0
64,475,0
64,365,0
64,415,0
64,108,0
64,151,0
64,210,0
64,160,0
64,490,0
64,150,0
64,116,0
64,583,0
64,576,0
64,355,0
64,407,0
64,491,0
64,541,0
64,111,0
64,593,0
64,51,0
64,591,0
64,497,0
64,528,0
64,39,0
64,231,0
64,570,0
64,124,0
64,456,0
64,425,0
64,120,0
64,67,0
64,439,0
64,63,0
64,37,0
64,521,0
64,532,0
64,494,0
64,493,0
64,427,0
64,13,0
64,126,0
64,595,0
64,82,0
64,131,0
64,391,0
64,452,0
64,92,0
64,106,0
64,429,0
64,43,0
64,385,0
64,676,0
64,600,0
64,387,0
64,539,0
64,518,0
64,68,0
64,244,0
64,189,0
64,505,0
64,148,0
64,468,0
64,55,0
64,458,0
64,117,0
64,30,0
64,155,0
64,450,0
64,646,0
64,421,0
64,180,0
64,675,0
64,540,0
64,426,0
64,592,0
64,667,0
64,529,0
64,53,0
64,538,0
64,530,0
64,333,0
64,488,0
64,102,0
64,109,0
64,430,0
64,581,0
64,498,0
64,411,0
64,368,0
64,408,0
64,489,0
64,510,0
64,424,0
64,172,0
64,401,0
64,599,0
64,392,0
64,356,0
64,536,0
64,437,0
64,176,0
64,58,0
64,375,0
64,125,0
64,558,0
64,436,0
64,81,0
64,36,0
64,535,0
64,17,0
64,35,0
64,479,0
64,594,0
64,93,0
64,431,0
64,656,0
64,41,0
64,361,0
64,423,0
64,417,0
64,440,0
64,136,0
64,19,0
64,587,0
64,561,0
64,378,0
64,134,0
64,601,0
64,481,0
64,416,0
64,2,0
64,398,0
64,412,0
64,585,0
64,40,0
64,22,0
64,513,0
64,428,0
64,589,0
64,574,0
64,149,0
64,533,0
64,459,0
64,543,0
64,103,0
64,94,0
64,115,0
64,597,0
64,399,0
64,659,0
64,147,0
64,360,0
64,75,0
64,460,0
64,38,0
64,483,0
64,568,0
64,444,0
64,484,0
64,363,0
64,438,0
64,98,0
64,18,0
64,132,0
64,334,0
64,560,0
64,71,0
64,9,0
64,107,0
64,420,0
64,350,0
64,380,0
64,32,0
64,534,0
64,104,0
64,400,0
64,96,0
64,461,0
64,654,0
64,422,0
64,88,0
64,571,0
64,467,0
64,85,0
64,135,0
64,441,0
64,499,0
64,397,0
64,502,0
64,33,0
64,87,0
64,681,0
64,644,0
64,464,0
64,80,0
64,153,0
64,171,0
64,230,0
64,349,0
64,370,0
64,516,0
64,482,0
64,598,0
64,546,0
64,650,0
64,76,0
64,652,0
64,651,0
64,410,0
64,372,0
64,552,0
64,20,0
64,79,0
64,661,0
64,110,0
64,463,0
64,563,0
64,388,0
64,492,0
64,403,0
64,24,0
64,90,0
64,374,0
64,419,0
64,418,0
64,266,0
64,432,0
64,74,0
64,340,0
64,395,0
64,122,0
64,527,0
64,354,0
64,508,0
64,572,0
64,567,0
64,504,0
64,470,0
64,362,0
64,451,0
64,49,0
64,21,0
64,603,0
64,65,0
64,118,0
64,83,0
64,449,0
64,28,0
64,10,0
64,143,0
64,549,0
64,164,0
64,602,0
64,402,0
64,405,0
64,457,0
64,480,0
64,677,0
64,186,0
64,48,0
64,8,0
64,477,0
64,50,0
64,66,0
64,569,0
64,198,0
64,389,0
64,435,0
64,653,0
64,70,0
64,466,0
64,187,0
64,472,0
64,547,0
64,503,0
64,453,0
64,658,0
64,523,0
64,446,0
64,443,0
64,655,0
64,578,0
64,166,0
64,496,0
64,129,0
64,42,0
64,509,0
64,515,0
64,545,0
64,486,0
64,84,0
64,657,0
64,72,0
64,95,0
64,114,0
64,14,0
64,668,0
64,46,0
64,520,0
64,86,0
64,511,0
64,506,0
64,69,0
65,160,0
65,91,1
65,143,0
65,157,0
65,149,0
65,165,0
65,100,1
65,159,0
65,174,0
65,132,0
65,97,1
65,168,0
65,128,0
65,169,0
65,43,0
66,148,1
66,164,1
66,109,1
66,66,1
66,707,0
66,99,1
66,101,1
66,732,1
66,122,1
66,708,0
66,133,1
66,149,1
66,753,0
66,608,1
66,180,1
66,752,1
66,690,1
66,754,0
66,727,1
66,86,1
66,97,1
66,229,1
66,795,0
66,49,1
66,72,1
66,95,1
66,583,1
66,646,0
66,794,0
66,68,1
66,98,1
66,69,1
66,44,1
67,704,0
67,1560,1
67,66,0
67,1450,0
67,744,0
67,897,0
67,1534,0
67,648,0
67,1576,1
67,1510,0
67,1454,0
67,703,0
67,687,0
67,284,0
67,276,1
67,626,0
67,598,0
67,644,0
67,291,1
67,1571,1
67,1487,0
67,578,1
67,1574,1
67,274,0
67,46,0
67,523,1
67,1562,1
67,293,0
67,275,1
67,921,0
67,834,0
67,715,0
67,957,0
67,686,0
67,273,1
68,102,0
68,19,1
68,16,1
68,63,1
68,27,1
69,198,0
69,18,0
69,327,0
69,98,0
69,326,0
69,174,0
69,132,0
69,396,0
69,404,0
69,171,0
69,260,0
69,401,0
69,321,0
69,405,0
69,128,0
69,137,0
69,102,0
69,397,0
69,167,0
69,342,0
69,111,0
69,146,0
69,154,0
69,213,0
69,122,0
69,130,0
69,395,0
69,259,0
69,340,0
69,145,0
69,140,0
69,338,0
69,196,0
69,173,0
69,228,0
69,325,0
69,197,0
69,99,1
69,135,0
69,153,0
69,126,0
69,188,0
69,248,0
69,303,0
69,33,0
69,387,0
69,227,0
69,355,0
69,101,0
69,373,0
69,379,0
69,129,0
69,150,0
69,164,0
69,149,0
69,112,0
69,96,0
69,374,0
69,114,0
69,371,0
69,115,0
69,406,0
69,356,0
69,343,0
69,117,0
69,341,0
69,106,0
69,328,0
69,123,0
69,372,0
69,186,0
69,165,0
69,118,0
69,312,0
69,116,0
69,178,0
69,388,0
69,104,0
69,133,0
69,201,0
69,390,0
69,113,0
69,163,0
69,334,0
69,138,0
69,229,0
69,142,0
69,151,0
69,403,0
69,400,0
69,148,0
69,323,0
69,136,0
69,278,0
69,202,0
69,324,0
69,230,0
69,329,0
69,349,0
69,235,0
69,322,0
69,143,0
70,1154,0
70,1130,0
70,291,0
70,1131,0
70,903,0
70,1250,0
70,1226,0
70,1522,1
70,1202,0
70,901,0
70,1505,1
70,1178,0
70,1475,1
70,706,0
70,703,0
70,1059,0
70,928,0
70,1466,1
70,875,0
70,796,0
70,1421,1
70,554,0
70,1203,0
70,763,0
70,1435,1
70,1549,1
70,1550,1
70,1083,0
70,1179,0
70,1434,1
70,870,0
70,1520,1
70,741,0
70,762,0
70,582,0
70,603,1
70,1457,1
70,954,0
70,644,0
70,649,0
70,590,0
70,1560,1
70,1488,1
70,1456,1
71,1035,1
71,1032,1
71,685,1
71,671,1
71,719,1
71,338,0
71,1014,1
71,695,1
71,688,1
71,235,0
71,1029,1
71,730,1
71,163,0
71,734,1
71,162,0
71,1028,1
71,686,1
71,121,0
71,964,1
71,693,1
71,722,1
71,995,1
71,56,0
71,44,0
71,967,1
71,692,1
71,70,0
71,703,1
71,993,1
71,729,1
71,53,0
71,164,0
71,672,1
71,194,0
71,981,1
71,708,1
71,1021,1
71,982,1
71,1011,1
71,118,0
71,696,1
71,1024,1
71,701,1
71,1009,1
71,1015,1
71,697,1
71,216,0
71,82,0
71,678,1
71,1036,1
71,103,0
71,984,1
71,985,1
71,718,1
71,676,1
71,466,1
71,379,0
71,1018,1
71,1000,1
71,667,1
71,736,1
71,745,1
71,1017,1
71,80,0
71,1010,1
71,977,1
71,978,1
71,973,1
71,971,1
71,296,0
71,996,1
71,195,0
71,710,1
71,997,1
71,1033,1
71,1025,1
71,989,1
71,711,1
71,704,1
71,1023,1
71,687,1
71,714,1
71,698,1
71,691,1
71,998,1
71,987,1
71,1003,1
71,1006,1
71,994,1
71,720,1
71,217,0
71,273,0
71,966,1
71,733,1
71,700,1
71,1037,1
71,988,1
71,976,1
71,999,1
71,983,1
71,732,1
71,972,1
71,690,1
71,990,1
71,1026,1
71,737,1
71,699,1
72,40,1
72,62,0
72,69,0
72,36,1
72,45,1
72,28,1
72,33,1
72,46,0
72,81,1
72,27,0
72,43,0
72,49,1
72,60,1
72,52,1
73,61,1
73,65,1
73,220,1
73,268,1
73,47,1
73,218,1
73,58,1
73,217,1
73,93,1
73,51,1
73,219,1
73,216,1
73,270,1
73,38,1
73,52,1
73,62,1
73,39,1
73,59,1
73,223,1
73,63,1
73,53,1
73,57,1
73,64,1
73,221,1
73,46,1
73,60,1
73,54,1
73,32,1
73,213,1
73,28,1
73,215,1
73,149,1
73,55,1
73,211,1
73,212,1
74,617,1
74,635,1
74,636,1
74,288,1
74,136,1
74,593,1
74,86,0
74,125,1
74,628,1
74,124,1
74,634,1
74,622,1
74,601,1
74,117,1
74,148,1
74,137,1
74,107,0
74,46,1
74,156,1
74,621,1
74,623,1
74,611,1
74,88,0
75,133,1
75,146,1
75,531,1
75,17,1
75,148,0
75,200,1
75,134,1
75,41,1
75,290,0
75,530,1
75,76,0
75,75,1
75,186,1
75,151,0
75,31,1
75,187,0
75,339,0
75,214,1
75,111,1
75,136,0
75,108,0
75,32,1
75,95,1
75,198,0
75,61,0
75,6,1
75,29,1
75,258,1
75,27,1
75,161,1
75,340,0
75,96,1
75,86,1
75,5,1
75,64,1
75,217,0
75,640,1
75,40,0
75,103,1
75,23,1
75,123,0
75,7,1
75,168,1
75,147,0
75,9,1
75,335,1
75,257,1
75,54,1
75,30,1
75,47,1
75,0,1
75,265,0
75,261,0
75,293,1
75,13,1
75,14,1
75,46,1
75,216,0
76,7696,0
76,4114,0
76,7762,0
76,3879,0
76,8498,0
76,4672,0
76,5744,0
76,8111,0
76,8572,0
76,8758,0
76,8214,0
76,8067,0
76,4887,0
76,8831,0
76,7722,0
76,8207,0
76,4374,0
76,6023,0
76,4061,0
76,7961,0
76,3808,0
76,3906,0
76,6298,0
76,8651,0
76,3618,0
76,8119,0
76,5620,0
76,8790,0
76,4603,0
76,4525,0
76,7373,0
76,7812,0
76,8184,0
76,8279,0
76,8374,0
76,4737,0
76,7161,0
76,4674,0
76,150,0
76,8824,0
76,8729,0
76,7985,0
76,8656,0
76,6731,0
76,8433,0
76,5276,0
76,8068,0
76,8468,0
76,7223,0
76,4741,0
76,6310,0
76,5883,0
76,3805,0
76,8359,0
76,7969,0
76,8178,0
76,3719,0
76,8483,0
76,3835,0
76,7163,0
76,6235,0
76,8190,0
76,66,0
76,4681,0
76,4034,0
76,3839,0
76,4750,0
76,8432,0
76,8043,0
76,7319,0
76,6018,0
76,4540,0
76,5889,0
76,4877,0
76,7922,0
76,8403,0
76,8342,0
76,4267,0
76,6019,0
76,4729,0
76,8543,0
76,6377,0
76,8196,0
76,4733,0
76,8041,0
76,4035,0
76,8743,0
76,3645,0
76,5294,0
76,8609,0
76,6909,0
76,8063,0
76,3694,0
76,8744,0
76,5541,0
76,7007,0
76,6026,0
76,3729,0
76,8366,0
76,3973,0
76,8039,0
76,8069,0
76,4429,0
76,5130,0
76,4023,0
76,8206,0
76,8567,0
76,5617,0
76,4532,0
76,8645,0
76,8357,0
76,5371,0
76,3942,0
76,3616,0
76,6903,0
76,5887,0
76,4032,0
76,7679,0
76,6675,0
76,8116,0
76,3878,0
76,6748,0
76,8266,0
76,3884,0
76,8296,0
76,6883,0
76,6741,0
76,3673,0
76,8718,0
76,8393,0
76,4371,0
76,5289,0
76,6161,0
76,4805,0
76,8816,0
76,8022,0
76,5043,0
76,5297,0
76,4030,0
76,6379,0
76,8465,0
76,8423,0
76,6750,0
76,7567,0
76,3905,0
76,7160,0
76,7225,0
76,8738,0
76,4280,0
76,6520,0
76,8306,0
76,8150,0
76,6192,0
76,4529,0
76,4473,0
76,5750,0
76,8559,0
76,3714,0
76,6025,0
76,7953,0
76,6308,0
76,4379,0
76,8829,0
76,5884,0
76,8825,0
76,8702,0
76,8386,0
76,8638,0
76,7437,0
76,3731,0
76,7296,0
76,8801,0
76,5372,0
76,5460,0
76,8375,0
76,3707,0
76,4077,0
76,6452,0
76,8721,0
76,3814,0
76,8160,0
76,6697,0
76,8770,0
76,5891,0
76,7328,0
76,3785,0
76,8714,0
76,6014,0
76,8472,0
76,8611,0
76,7811,0
76,5599,0
76,7043,0
76,8020,0
76,8828,0
76,3793,0
76,5364,0
76,3682,0
76,8282,0
76,6584,0
76,8072,0
76,4365,0
76,4286,0
76,8659,0
76,8660,0
76,7979,0
76,4160,0
76,4079,0
76,5962,0
76,6892,0
76,118,0
76,4676,0
76,7698,0
76,4597,0
76,4146,0
76,4539,0
76,8161,0
76,6450,0
76,6841,0
76,8745,0
76,8772,0
76,5210,0
76,4666,0
76,4068,0
76,8180,0
76,4652,0
76,7796,0
76,8089,0
76,4234,0
76,8090,0
76,4425,0
76,5128,0
76,6906,0
76,4376,0
76,5051,0
76,8172,0
76,7156,0
76,7914,0
76,8587,0
76,7299,0
76,6162,0
76,8299,0
76,5544,0
76,8780,0
76,8044,0
76,4027,0
76,8014,0
76,7224,0
76,3818,0
76,7203,0
76,8750,0
76,4955,0
76,3974,0
76,4423,0
76,7980,0
76,8460,0
76,8379,0
76,5438,0
76,5690,0
76,5450,0
76,5898,0
76,3845,0
76,8551,0
76,8822,0
76,5756,0
76,8629,0
76,8171,0
76,3953,0
76,8583,0
76,8376,0
76,8715,0
76,3940,0
76,7516,0
76,8568,0
76,8799,0
76,8509,0
76,7436,0
76,6024,0
76,8082,0
76,7769,0
76,8720,0
76,8748,0
76,5131,0
76,6443,0
76,4270,0
76,4121,0
76,3981,0
76,8368,0
76,8599,0
76,8704,0
76,4229,0
76,8071,0
76,4883,0
76,3675,0
76,4932,0
76,3764,0
76,8839,0
76,7887,0
76,3763,0
76,8075,0
76,7362,0
76,5211,0
76,4964,0
76,7005,0
76,8522,0
76,8452,0
76,8293,0
76,8463,0
76,4663,0
76,7204,0
76,4332,0
76,3759,0
76,8564,0
76,8669,0
76,4326,0
76,8087,0
76,6097,0
76,3836,0
76,5747,0
76,5281,0
76,4487,0
76,5900,0
76,7920,0
76,5202,0
76,4330,0
76,8302,0
76,8380,0
76,8258,0
76,6524,0
76,4806,0
76,2267,0
76,8045,0
76,8803,0
76,6669,0
76,5616,0
76,7857,0
76,8570,0
76,8589,0
76,4736,0
76,6588,0
76,6596,0
76,8383,0
76,8833,0
76,4427,0
76,4419,0
76,7717,0
76,6447,0
76,7623,0
76,4122,0
76,5053,0
76,4467,0
76,8843,0
76,7862,0
76,7975,0
76,8492,0
76,4328,0
76,3877,0
76,8152,0
76,5284,0
76,6523,0
76,6847,0
76,8557,0
76,8719,0
76,8595,0
76,8261,0
76,4682,0
76,8665,0
76,4469,0
76,8115,0
76,6013,0
76,4013,0
76,2222,0
76,8400,0
76,8502,0
76,5061,0
76,8615,0
76,5739,0
76,8451,0
76,7872,0
76,8105,0
76,5278,0
76,8485,0
76,7755,0
76,99,0
76,8562,0
76,8576,0
76,4810,0
76,5896,0
76,8162,0
76,3631,0
76,6441,0
76,8636,0
76,3876,0
76,3625,0
76,158,0
76,8307,0
76,7814,0
76,3978,0
76,7003,0
76,4019,0
76,7845,0
76,4018,0
76,8523,0
76,8377,0
76,3846,0
76,8550,0
76,72,0
76,8095,0
76,6302,0
76,4740,0
76,4888,0
76,8652,0
76,6753,0
76,7711,0
76,8242,0
76,7668,0
76,7045,0
76,7207,0
76,8097,0
76,4029,0
76,8202,0
76,8325,0
76,8574,0
76,5444,0
76,5619,0
76,6297,0
76,8593,0
76,113,0
76,8678,0
76,6635,0
76,7981,0
76,7174,0
76,5142,0
76,8643,0
76,3623,0
76,8387,0
76,4541,0
76,4369,0
76,8614,0
76,8594,0
76,8796,0
76,8381,0
76,8710,0
76,4881,0
76,4073,0
76,6438,0
76,7672,0
76,3947,0
76,4020,0
76,8649,0
76,4022,0
76,6522,0
76,6907,0
76,5899,0
76,8083,0
76,6984,0
76,3842,0
76,8633,0
76,8113,0
76,7856,0
76,3948,0
76,4279,0
76,8642,0
76,5465,0
76,6451,0
76,4039,0
76,7652,0
76,3951,0
76,3866,0
76,4274,0
76,7438,0
76,4744,0
76,3622,0
76,5879,0
76,4595,0
76,7923,0
76,7455,0
76,7954,0
76,3980,0
76,5741,0
76,3832,0
76,4117,0
76,4961,0
76,8361,0
76,5124,0
76,8286,0
76,8291,0
76,4335,0
76,4178,0
76,8000,0
76,4802,0
76,3660,0
76,6884,0
76,4835,0
76,3872,0
76,7061,0
76,3659,0
76,8230,0
76,8268,0
76,6033,0
76,7948,0
76,4119,0
76,3833,0
76,4067,0
76,7581,0
76,4962,0
76,6754,0
76,5623,0
76,8508,0
76,4124,0
76,8399,0
76,5755,0
76,4807,0
76,4947,0
76,6521,0
76,7945,0
76,8276,0
76,8315,0
76,8755,0
76,7822,0
76,8495,0
76,4014,0
76,4948,0
76,4803,0
76,6589,0
76,8316,0
76,4588,0
76,4747,0
76,7761,0
76,8330,0
76,8521,0
76,4648,0
76,8706,0
76,6590,0
76,4483,0
76,8070,0
76,4112,0
76,8542,0
76,8397,0
76,3626,0
76,4368,0
76,8794,0
76,8575,0
76,8823,0
76,4669,0
76,5286,0
76,3647,0
76,5757,0
76,7667,0
76,8539,0
76,4237,0
76,3717,0
76,6977,0
76,8461,0
76,7671,0
76,4362,0
76,7506,0
76,8193,0
76,7325,0
76,8709,0
76,5885,0
76,8769,0
76,4662,0
76,5965,0
76,6732,0
76,6098,0
76,4336,0
76,4015,0
76,8295,0
76,6158,0
76,8818,0
76,6311,0
76,7946,0
76,8471,0
76,5545,0
76,6455,0
76,8167,0
76,4599,0
76,8623,0
76,4422,0
76,4220,0
76,8414,0
76,8467,0
76,5209,0
76,6691,0
76,8364,0
76,5283,0
76,4132,0
76,4731,0
76,8065,0
76,7037,0
76,3697,0
76,8061,0
76,8782,0
76,8265,0
76,8372,0
76,6922,0
76,6885,0
76,8312,0
76,8488,0
76,5302,0
76,7821,0
76,4678,0
76,4363,0
76,4265,0
76,6153,0
76,5206,0
76,4384,0
76,8496,0
76,6296,0
76,4809,0
76,8727,0
76,7458,0
76,4960,0
76,8682,0
76,5748,0
76,8275,0
76,8531,0
76,8236,0
76,7386,0
76,4466,0
76,6825,0
76,4165,0
76,8713,0
76,7580,0
76,8779,0
76,5216,0
76,7205,0
76,3975,0
76,8192,0
76,6886,0
76,4728,0
76,6173,0
76,8667,0
76,3870,0
76,7616,0
76,8625,0
76,3902,0
76,7873,0
76,6586,0
76,7300,0
76,3871,0
76,6672,0
76,5610,0
76,5959,0
76,8775,0
76,8644,0
76,5759,0
76,7044,0
76,7816,0
76,3690,0
76,5047,0
76,4433,0
76,7823,0
76,6824,0
76,3688,0
76,4111,0
76,8708,0
76,8464,0
76,8021,0
76,7950,0
76,5754,0
76,8431,0
76,8301,0
76,5293,0
76,3691,0
76,3712,0
76,7385,0
76,5138,0
76,7763,0
76,4486,0
76,6096,0
76,8592,0
76,7813,0
76,6674,0
76,8080,0
76,5370,0
76,4742,0
76,8300,0
76,4880,0
76,7364,0
76,5461,0
76,6020,0
76,3970,0
76,5894,0
76,4059,0
76,8525,0
76,6597,0
76,8566,0
76,4604,0
76,4542,0
76,5300,0
76,8771,0
76,8526,0
76,8269,0
76,8827,0
76,5543,0
76,5125,0
76,4120,0
76,3939,0
76,3977,0
76,8238,0
76,6454,0
76,7355,0
76,8528,0
76,6887,0
76,8284,0
76,6303,0
76,3606,0
76,7781,0
76,8494,0
76,4474,0
76,5467,0
76,6306,0
76,7217,0
76,3908,0
76,8724,0
76,7057,0
76,5615,0
76,4951,0
76,5753,0
76,7142,0
76,7315,0
76,4238,0
76,5373,0
76,6737,0
76,4584,0
76,8527,0
76,3936,0
76,8754,0
76,7750,0
76,4282,0
76,6599,0
76,5897,0
76,4284,0
76,3809,0
76,8144,0
76,4170,0
76,4128,0
76,6171,0
76,3624,0
76,6031,0
76,8191,0
76,5624,0
76,7848,0
76,8406,0
76,3941,0
76,6299,0
76,7320,0
76,3827,0
76,3874,0
76,6902,0
76,4276,0
76,6751,0
76,4040,0
76,6603,0
76,6305,0
76,7006,0
76,4536,0
76,4878,0
76,8788,0
76,3643,0
76,4364,0
76,8394,0
76,8569,0
76,8311,0
76,4285,0
76,8847,0
76,4808,0
76,4896,0
76,8107,0
76,8163,0
76,8048,0
76,6446,0
76,6851,0
76,7846,0
76,4166,0
76,8591,0
76,8110,0
76,7974,0
76,8429,0
76,8482,0
76,3736,0
76,6159,0
76,4225,0
76,8407,0
76,8136,0
76,3903,0
76,8402,0
76,4110,0
76,8435,0
76,7970,0
76,6034,0
76,7858,0
76,8806,0
76,8736,0
76,5222,0
76,4381,0
76,4749,0
76,7662,0
76,3815,0
76,8221,0
76,6593,0
76,4801,0
76,8726,0
76,4735,0
76,3954,0
76,4179,0
76,4796,0
76,4113,0
76,8208,0
76,3695,0
76,7770,0
76,8271,0
76,6300,0
76,8664,0
76,4066,0
76,8518,0
76,7915,0
76,3901,0
76,8653,0
76,3678,0
76,8613,0
76,4967,0
76,4177,0
76,8842,0
76,4957,0
76,3661,0
76,6898,0
76,8412,0
76,8520,0
76,8092,0
76,7951,0
76,5536,0
76,8807,0
76,6100,0
76,7682,0
76,8683,0
76,3812,0
76,7944,0
76,8294,0
76,8064,0
76,3620,0
76,3709,0
76,4534,0
76,3641,0
76,8182,0
76,6015,0
76,8137,0
76,8141,0
76,7206,0
76,5455,0
76,8405,0
76,8391,0
76,6028,0
76,7066,0
76,8634,0
76,8707,0
76,6155,0
76,6882,0
76,4673,0
76,5751,0
76,5049,0
76,4107,0
76,7365,0
76,4133,0
76,6665,0
76,4668,0
76,8215,0
76,3627,0
76,8563,0
76,7918,0
76,5298,0
76,6905,0
76,5442,0
76,5745,0
76,3766,0
76,6292,0
76,5604,0
76,6375,0
76,8477,0
76,6160,0
76,8741,0
76,8627,0
76,8747,0
76,8739,0
76,6032,0
76,8159,0
76,3760,0
76,8444,0
76,4272,0
76,7774,0
76,5212,0
76,4656,0
76,8815,0
76,3634,0
76,8336,0
76,7713,0
76,4596,0
76,4667,0
76,8475,0
76,7874,0
76,8588,0
76,8700,0
76,6440,0
76,5062,0
76,8802,0
76,8370,0
76,8165,0
76,3817,0
76,7910,0
76,7718,0
76,8138,0
76,8425,0
76,7138,0
76,6309,0
76,4884,0
76,4593,0
76,4680,0
76,5282,0
76,7219,0
76,3672,0
76,4324,0
76,4526,0
76,6980,0
76,4658,0
76,4734,0
76,8760,0
76,8832,0
76,3834,0
76,8426,0
76,3619,0
76,7159,0
76,8434,0
76,6908,0
76,3985,0
76,5129,0
76,3755,0
76,8234,0
76,8213,0
76,3873,0
76,6848,0
76,8716,0
76,3671,0
76,3821,0
76,7978,0
76,8050,0
76,4074,0
76,4076,0
76,7697,0
76,5613,0
76,8767,0
76,7654,0
76,7663,0
76,5287,0
76,8324,0
76,8640,0
76,7683,0
76,5285,0
76,8728,0
76,8409,0
76,4657,0
76,7919,0
76,8278,0
76,4383,0
76,8504,0
76,4752,0
76,5608,0
76,7747,0
76,7779,0
76,4537,0
76,8624,0
76,7890,0
76,8757,0
76,4125,0
76,7859,0
76,8244,0
76,8697,0
76,8241,0
76,7140,0
76,8254,0
76,8556,0
76,3880,0
76,3910,0
76,8547,0
76,7875,0
76,8786,0
76,4885,0
76,4738,0
76,8398,0
76,8705,0
76,8798,0
76,5752,0
76,8243,0
76,4538,0
76,6897,0
76,4221,0
76,8577,0
76,5762,0
76,6291,0
76,4375,0
76,3900,0
76,5328,0
76,8519,0
76,6849,0
76,6583,0
76,8011,0
76,6444,0
76,8338,0
76,6729,0
76,8285,0
76,5135,0
76,5607,0
76,3733,0
76,8314,0
76,7943,0
76,8384,0
76,3898,0
76,8329,0
76,4660,0
76,6673,0
76,8148,0
76,7880,0
76,8554,0
76,8607,0
76,4366,0
76,5133,0
76,7068,0
76,8256,0
76,7810,0
76,4598,0
76,4016,0
76,6435,0
76,8195,0
76,5618,0
76,8785,0
76,7724,0
76,4816,0
76,8810,0
76,4959,0
76,4813,0
76,8360,0
76,5365,0
76,6880,0
76,6745,0
76,8549,0
76,6601,0
76,3786,0
76,8506,0
76,7220,0
76,8344,0
76,5612,0
76,4134,0
76,8476,0
76,8369,0
76,5144,0
76,8211,0
76,8351,0
76,4078,0
76,3632,0
76,6738,0
76,4965,0
76,4116,0
76,8837,0
76,6743,0
76,7513,0
76,6312,0
76,5295,0
76,6027,0
76,4585,0
76,4478,0
76,8270,0
76,4037,0
76,8292,0
76,8049,0
76,7798,0
76,4664,0
76,4431,0
76,6581,0
76,8491,0
76,8313,0
76,3758,0
76,1456,0
76,8013,0
76,8844,0
76,8820,0
76,8337,0
76,8500,0
76,8388,0
76,7504,0
76,5886,0
76,4954,0
76,8218,0
76,8158,0
76,8185,0
76,4684,0
76,6671,0
76,5446,0
76,8661,0
76,8773,0
76,4126,0
76,8631,0
76,5449,0
76,4382,0
76,4329,0
76,4683,0
76,3779,0
76,4472,0
76,8365,0
76,7208,0
76,7374,0
76,3819,0
76,8235,0
76,6896,0
76,8427,0
76,8401,0
76,8845,0
76,7453,0
76,4233,0
76,4882,0
76,3676,0
76,3782,0
76,8484,0
76,3807,0
76,4123,0
76,4876,0
76,8783,0
76,8571,0
76,8173,0
76,4956,0
76,8560,0
76,8470,0
76,8449,0
76,3784,0
76,4264,0
76,7060,0
76,8469,0
76,6378,0
76,4168,0
76,7913,0
76,8164,0
76,4671,0
76,8830,0
76,4372,0
76,8169,0
76,6979,0
76,8404,0
76,4605,0
76,4163,0
76,3949,0
76,8795,0
76,4043,0
76,3727,0
76,7164,0
76,4080,0
76,4488,0
76,8093,0
76,7758,0
76,3820,0
76,8778,0
76,4963,0
76,8582,0
76,5136,0
76,8331,0
76,4590,0
76,4278,0
76,8263,0
76,8481,0
76,8546,0
76,7054,0
76,5761,0
76,4373,0
76,8051,0
76,8188,0
76,6376,0
76,3816,0
76,4430,0
76,4378,0
76,4026,0
76,8378,0
76,7002,0
76,8646,0
76,5221,0
76,4897,0
76,4044,0
76,4042,0
76,5882,0
76,8146,0
76,8436,0
76,6742,0
76,8170,0
76,8175,0
76,6746,0
76,4176,0
76,8662,0
76,4062,0
76,4470,0
76,8538,0
76,7566,0
76,7877,0
76,8088,0
76,8205,0
76,8555,0
76,84,0
76,8177,0
76,3837,0
76,4327,0
76,8777,0
76,8304,0
76,5454,0
76,8217,0
76,4739,0
76,6301,0
76,6739,0
76,4743,0
76,8841,0
76,4811,0
76,8579,0
76,5603,0
76,8408,0
76,7457,0
76,8698,0
76,3674,0
76,3883,0
76,6165,0
76,8237,0
76,4665,0
76,8310,0
76,3979,0
76,8524,0
76,3881,0
76,8632,0
76,3715,0
76,7962,0
76,7957,0
76,8800,0
76,8792,0
76,8544,0
76,5890,0
76,7716,0
76,8259,0
76,8658,0
76,4730,0
76,6434,0
76,6901,0
76,3971,0
76,4958,0
76,8112,0
76,8641,0
76,5123,0
76,8838,0
76,3943,0
76,8197,0
76,7966,0
76,8501,0
76,8751,0
76,5447,0
76,8040,0
76,7776,0
76,3867,0
76,4180,0
76,7615,0
76,4485,0
76,5494,0
76,8835,0
76,8596,0
76,7768,0
76,3732,0
76,5046,0
76,8055,0
76,3648,0
76,3875,0
76,4038,0
76,7565,0
76,8478,0
76,8507,0
76,6591,0
76,3658,0
76,8018,0
76,3728,0
76,8283,0
76,8194,0
76,6893,0
76,8422,0
76,7968,0
76,7372,0
76,6981,0
76,8212,0
76,4889,0
76,8668,0
76,4471,0
76,7062,0
76,8598,0
76,8597,0
76,7441,0
76,4181,0
76,8712,0
76,4424,0
76,7958,0
76,8696,0
76,3657,0
76,8725,0
76,8590,0
76,6175,0
76,8628,0
76,3765,0
76,5606,0
76,8604,0
76,8789,0
76,8166,0
76,6449,0
76,8430,0
76,7041,0
76,8145,0
76,5888,0
76,4732,0
76,4649,0
76,7227,0
76,7947,0
76,8363,0
76,8462,0
76,6749,0
76,3628,0
76,8740,0
76,8139,0
76,8635,0
76,7317,0
76,8686,0
76,6436,0
76,3938,0
76,8817,0
76,4024,0
76,3904,0
76,8350,0
76,8096,0
76,5137,0
76,8558,0
76,8540,0
76,6169,0
76,5452,0
76,8042,0
76,3776,0
76,3899,0
76,8797,0
76,4287,0
76,3945,0
76,8666,0
76,3679,0
76,6904,0
76,3713,0
76,8647,0
76,8246,0
76,6157,0
76,7065,0
76,8811,0
76,7015,0
76,6996,0
76,4426,0
76,8099,0
76,8371,0
76,7881,0
76,6747,0
76,5139,0
76,3972,0
76,7977,0
76,6752,0
76,4325,0
76,8274,0
76,7069,0
76,3656,0
76,7459,0
76,8699,0
76,8209,0
76,5611,0
76,8056,0
76,3968,0
76,4060,0
76,3756,0
76,5857,0
76,3844,0
76,4751,0
76,7568,0
76,8168,0
76,197,0
76,8140,0
76,8245,0
76,8479,0
76,8074,0
76,7014,0
76,7972,0
76,6817,0
76,4127,0
76,4033,0
76,8328,0
76,4222,0
76,3935,0
76,4586,0
76,5621,0
76,8648,0
76,8424,0
76,8147,0
76,6238,0
76,8077,0
76,8134,0
76,6236,0
76,7439,0
76,8737,0
76,8017,0
76,8759,0
76,4602,0
76,8606,0
76,8046,0
76,8722,0
76,3774,0
76,7956,0
76,3692,0
76,8735,0
76,4380,0
76,7908,0
76,7876,0
76,3882,0
76,4028,0
76,7440,0
76,3843,0
76,3693,0
76,8663,0
76,3689,0
76,6740,0
76,4268,0
76,4141,0
76,5458,0
76,4481,0
76,8373,0
76,4242,0
76,3847,0
76,8078,0
76,4036,0
76,7952,0
76,8267,0
76,8685,0
76,8289,0
76,5301,0
76,5448,0
76,3777,0
76,8076,0
76,8362,0
76,8766,0
76,3635,0
76,5533,0
76,3617,0
76,4273,0
76,8118,0
76,8181,0
76,4041,0
76,4184,0
76,7456,0
76,5288,0
76,8281,0
76,7780,0
76,4479,0
76,3811,0
76,3640,0
76,4271,0
76,5746,0
76,8340,0
76,8784,0
76,8512,0
76,4594,0
76,7984,0
76,8534,0
76,8742,0
76,8390,0
76,8290,0
76,4131,0
76,8277,0
76,3907,0
76,6442,0
76,8813,0
76,6895,0
76,6029,0
76,6976,0
76,8239,0
76,1361,0
76,7617,0
76,8031,0
76,4953,0
76,5878,0
76,6580,0
76,7155,0
76,7058,0
76,7067,0
76,8836,0
76,7795,0
76,4347,0
76,7316,0
76,8356,0
76,4065,0
76,8392,0
76,8701,0
76,8723,0
76,7870,0
76,8768,0
76,7869,0
76,4913,0
76,4164,0
76,5048,0
76,8341,0
76,7955,0
76,3735,0
76,4946,0
76,1350,0
76,8305,0
76,8240,0
76,5379,0
76,5459,0
76,4377,0
76,7844,0
76,8679,0
76,7064,0
76,3780,0
76,8179,0
76,7515,0
76,8445,0
76,5743,0
76,3810,0
76,7569,0
76,8010,0
76,4489,0
76,8497,0
76,4890,0
76,6823,0
76,4283,0
76,8637,0
76,3946,0
76,7165,0
76,3976,0
76,5299,0
76,8081,0
76,5749,0
76,7318,0
76,8084,0
76,8681,0
76,7879,0
76,6166,0
76,5691,0
76,8787,0
76,4162,0
76,4966,0
76,4879,0
76,5826,0
76,8447,0
76,5050,0
76,4435,0
76,8413,0
76,8367,0
76,4952,0
76,4118,0
76,8280,0
76,7570,0
76,8288,0
76,5625,0
76,4659,0
76,8474,0
76,3838,0
76,3937,0
76,6030,0
76,4428,0
76,8216,0
76,4082,0
76,7571,0
76,8183,0
76,8677,0
76,7714,0
76,4275,0
76,5140,0
76,8335,0
76,7314,0
76,3950,0
76,8117,0
76,8264,0
76,1445,0
76,7817,0
76,7664,0
76,7967,0
76,6978,0
76,8776,0
76,7375,0
76,119,0
76,8103,0
76,8273,0
76,8382,0
76,7454,0
76,5456,0
76,8616,0
76,3754,0
76,3615,0
76,8814,0
76,8529,0
76,8389,0
76,3868,0
76,4183,0
76,8505,0
76,7139,0
76,3869,0
76,3726,0
76,5134,0
76,3730,0
76,135,0
76,8761,0
76,4235,0
76,8012,0
76,7973,0
76,5684,0
76,6598,0
76,8573,0
76,7759,0
76,7313,0
76,8016,0
76,4241,0
76,8019,0
76,6022,0
76,3654,0
76,5451,0
76,3752,0
76,3841,0
76,8466,0
76,8052,0
76,3781,0
76,6730,0
76,4535,0
76,4367,0
76,65,0
76,4420,0
76,3607,0
76,7921,0
76,7462,0
76,7137,0
76,6307,0
76,7466,0
76,8486,0
76,4021,0
76,8334,0
76,4886,0
76,3813,0
76,7055,0
76,7132,0
76,4370,0
76,8257,0
76,4261,0
76,4069,0
76,4468,0
76,8561,0
76,8066,0
76,3911,0
76,6592,0
76,8487,0
76,3909,0
76,8756,0
76,8548,0
76,4477,0
76,4587,0
76,8108,0
76,7778,0
76,8086,0
76,8541,0
76,7222,0
76,8826,0
76,8749,0
76,4804,0
76,4592,0
76,7226,0
76,5443,0
76,8287,0
76,4292,0
76,6164,0
76,8073,0
76,4223,0
76,4591,0
76,4475,0
76,5127,0
76,6445,0
76,6453,0
76,4075,0
76,8142,0
76,8480,0
76,8062,0
76,7292,0
76,7059,0
76,98,0
76,4289,0
76,8272,0
76,4129,0
76,7911,0
76,5758,0
76,7361,0
76,4543,0
76,8198,0
76,5296,0
76,8015,0
76,5277,0
76,5457,0
76,8109,0
76,5895,0
76,8143,0
76,8174,0
76,5045,0
76,8428,0
76,8149,0
76,5290,0
76,4482,0
76,6021,0
76,5532,0
76,3724,0
76,7297,0
76,3969,0
76,7675,0
76,8493,0
76,3982,0
76,8260,0
76,8262,0
76,3983,0
76,5052,0
76,8846,0
76,7815,0
76,112,0
76,7878,0
76,3952,0
76,5827,0
76,3769,0
76,8694,0
76,4277,0
76,8157,0
76,4224,0
76,5609,0
76,7818,0
76,4533,0
76,7001,0
76,6587,0
76,3608,0
76,7871,0
76,4480,0
76,8385,0
76,6900,0
76,7971,0
76,5132,0
76,8680,0
76,5044,0
76,4996,0
76,4814,0
76,4675,0
76,7861,0
76,3633,0
76,8812,0
76,5760,0
76,6600,0
76,3737,0
76,8840,0
76,6744,0
76,6822,0
76,6788,0
76,3696,0
76,8774,0
76,5880,0
76,5303,0
76,5648,0
76,8352,0
76,4182,0
76,4661,0
76,8473,0
76,8565,0
76,5830,0
76,8446,0
76,5961,0
76,8693,0
76,8079,0
76,5892,0
76,8650,0
76,7775,0
76,6174,0
76,8006,0
76,6894,0
76,7136,0
76,6154,0
76,6170,0
76,6099,0
76,4670,0
76,8203,0
76,4968,0
76,4070,0
76,7665,0
76,5534,0
76,6439,0
76,7056,0
76,8605,0
76,7053,0
76,3778,0
76,8114,0
76,6997,0
76,4434,0
76,5141,0
76,3644,0
76,3757,0
76,8684,0
76,8545,0
76,8047,0
76,8612,0
76,3761,0
76,7503,0
76,4476,0
76,5041,0
76,8834,0
76,6840,0
76,8176,0
76,6130,0
76,8808,0
76,8448,0
76,8676,0
76,7723,0
76,5042,0
76,4017,0
76,4679,0
76,8630,0
76,7680,0
76,7912,0
76,8503,0
76,4115,0
76,8695,0
76,6733,0
76,7976,0
76,5683,0
76,3711,0
76,8120,0
76,6602,0
76,8626,0
76,3708,0
76,6826,0
76,4281,0
76,5126,0
76,7218,0
76,3787,0
76,8819,0
76,8499,0
76,6821,0
76,5689,0
76,4230,0
76,7767,0
76,3788,0
76,7321,0
76,7666,0
76,8639,0
76,8332,0
76,7063,0
76,4589,0
76,3897,0
76,8255,0
76,6035,0
76,7144,0
76,5291,0
76,3944,0
76,8303,0
76,6017,0
76,8821,0
76,4045,0
76,4815,0
76,3710,0
76,8333,0
76,8655,0
76,7444,0
76,8204,0
76,4130,0
76,5445,0
76,7678,0
76,7715,0
76,5622,0
76,8187,0
76,6172,0
76,7575,0
76,5204,0
76,6163,0
77,183,0
77,140,0
77,154,0
77,167,0
77,148,0
77,149,0
77,162,0
77,164,0
77,146,0
77,93,0
77,147,0
77,58,0
77,203,0
77,193,0
77,165,0
77,98,0
77,218,0
77,163,0
77,141,0
77,155,0
77,207,0
77,216,0
77,179,0
77,189,0
77,211,0
77,202,0
77,205,0
77,160,0
77,213,0
77,181,0
77,144,0
77,208,0
77,219,0
77,210,0
77,123,0
77,220,0
77,198,0
77,188,0
77,186,0
77,180,0
77,136,0
77,172,0
77,173,0
77,151,0
77,195,0
77,200,0
77,176,0
77,135,0
77,215,0
77,126,0
77,217,0
77,285,1
77,138,0
77,278,1
77,206,0
77,114,0
77,94,0
77,201,0
77,175,0
77,192,0
77,121,0
77,120,0
77,137,0
77,170,0
77,122,0
77,209,0
77,108,0
77,169,0
77,128,0
77,156,0
77,191,0
77,131,0
77,158,0
77,153,0
77,113,0
77,157,0
77,214,0
77,91,0
77,267,0
77,129,0
77,196,0
77,127,0
77,178,0
77,184,0
77,106,0
78,368,1
78,314,1
78,293,1
78,344,1
78,255,1
78,524,1
78,379,0
78,382,1
78,372,1
78,490,1
78,591,1
78,396,1
78,731,1
78,253,1
78,333,1
78,446,1
78,369,1
78,331,1
78,436,1
78,465,1
78,345,1
78,292,1
78,587,1
78,586,1
78,495,1
78,661,0
78,552,1
78,485,1
78,398,1
78,616,1
78,399,1
78,346,1
78,528,1
78,435,1
78,561,1
78,593,1
78,530,1
78,371,1
78,497,1
78,466,1
78,719,0
78,311,1
78,358,1
78,360,1
78,294,1
78,721,1
78,312,1
78,519,1
78,309,1
78,387,1
78,417,1
78,714,0
78,484,1
78,491,1
78,728,1
78,666,1
78,454,1
78,624,1
78,533,1
78,403,1
78,531,1
78,468,1
78,288,1
78,391,1
78,455,1
78,582,1
78,722,1
78,388,1
78,397,1
78,295,1
78,424,1
78,254,1
78,442,1
78,339,1
78,367,1
78,383,1
78,390,1
78,354,1
78,499,1
78,310,1
78,268,1
78,461,1
78,347,1
78,351,1
78,525,1
78,330,1
78,304,1
78,428,1
78,590,1
78,336,1
78,361,1
78,725,1
78,406,1
78,551,1
78,34,1
78,425,1
78,423,1
78,529,1
78,357,1
78,400,1
78,732,1
78,724,1
78,429,1
78,272,1
78,353,1
78,659,0
79,1096,0
79,1312,0
79,837,0
79,58,0
79,571,0
79,390,0
79,1026,0
79,1437,0
79,184,0
79,323,0
79,314,0
79,358,0
79,819,0
79,1183,0
79,1227,0
79,269,0
79,66,0
79,677,0
79,1230,0
79,1015,0
79,106,0
79,630,0
79,947,0
79,395,0
79,817,0
79,394,0
79,671,0
79,55,0
79,57,0
79,888,0
79,927,0
79,124,0
79,141,0
79,255,0
79,1018,0
79,825,0
79,972,0
79,917,0
79,60,0
79,793,0
79,206,0
79,898,0
79,218,0
79,906,0
79,823,0
79,393,0
79,485,0
79,265,0
79,1464,0
79,986,0
79,532,0
79,69,0
79,554,0
79,415,0
79,578,0
79,573,0
79,104,0
79,631,0
79,935,0
79,1467,0
79,1120,0
79,755,0
79,545,0
79,501,0
79,750,0
79,922,0
79,1352,0
79,1099,0
79,604,0
79,918,0
79,1489,0
79,1006,0
79,211,0
79,1104,0
79,339,0
79,745,0
79,582,0
79,668,0
79,101,0
79,820,0
79,524,0
79,791,0
79,1275,0
79,657,0
79,1179,0
79,1413,0
79,1077,0
79,1458,0
79,1034,0
79,778,0
79,674,0
79,754,0
79,1497,0
79,649,0
79,242,0
79,1082,0
79,1027,0
79,377,0
79,75,0
79,924,0
79,544,0
79,1260,0
79,1118,0
79,1009,0
79,1323,0
79,1174,0
79,1429,0
79,887,0
79,694,0
79,1410,0
79,1160,0
79,1457,0
79,1431,0
79,449,0
79,490,0
79,369,0
79,707,0
79,703,0
79,388,0
79,51,0
79,530,0
79,174,0
79,567,0
79,971,0
79,1476,0
79,642,0
79,176,0
79,288,0
79,780,0
79,1387,0
79,989,0
79,1285,0
79,1075,0
79,157,0
79,608,0
79,1019,0
79,200,0
79,1478,0
79,961,0
79,321,0
79,319,0
79,139,0
79,356,0
79,762,0
79,743,0
79,444,0
79,577,0
79,1215,0
79,205,0
79,240,0
79,914,0
79,1164,0
79,1272,0
79,774,0
79,1253,0
79,621,0
79,1259,0
79,1393,0
79,662,0
79,134,0
79,600,0
79,962,0
79,1207,0
79,1013,0
79,1198,0
79,143,0
79,336,0
79,311,0
79,1404,0
79,1064,0
79,747,0
79,1351,0
79,669,0
79,178,0
79,216,0
79,1314,0
79,1379,0
79,151,0
79,270,0
79,1418,0
79,504,0
79,1152,0
79,1142,0
79,1068,0
79,1364,0
79,980,0
79,402,0
79,514,0
79,1109,0
79,990,0
79,560,0
79,496,0
79,658,0
79,587,0
79,1062,0
79,274,0
79,171,0
79,1102,0
79,1436,0
79,346,0
79,705,0
79,1423,0
79,491,0
79,145,0
79,1044,0
79,227,0
79,977,0
79,683,0
79,1211,0
79,1392,0
79,443,0
79,788,0
79,279,0
79,510,0
79,416,0
79,609,0
79,766,0
79,628,0
79,131,0
79,880,0
79,162,0
79,848,0
79,565,0
79,548,0
79,1284,0
79,1320,0
79,1368,0
79,748,0
79,324,0
79,474,0
79,665,0
79,409,0
79,724,0
79,512,0
79,386,0
79,1372,0
79,243,0
79,468,0
79,1043,0
79,643,0
79,858,0
79,698,0
79,1254,0
79,843,0
79,302,0
79,125,0
79,502,0
79,428,0
79,589,0
79,725,0
79,515,0
79,660,0
79,307,0
79,1232,0
79,1136,0
79,536,0
79,498,0
79,1301,0
79,1310,0
79,253,0
79,563,0
79,1001,0
79,1430,0
79,333,0
79,1249,0
79,290,0
79,1189,0
79,867,0
79,267,0
79,1208,0
79,803,0
79,579,0
79,585,0
79,873,0
79,1205,0
79,280,0
79,714,0
79,856,0
79,201,0
79,425,0
79,1420,0
79,1091,0
79,1370,0
79,221,0
79,426,0
79,1273,0
79,723,0
79,1025,0
79,1380,0
79,851,0
79,1076,0
79,146,0
79,332,0
79,1327,0
79,1348,0
79,85,0
79,636,0
79,768,0
79,1023,0
79,455,0
79,232,0
79,357,0
79,1472,0
79,65,0
79,481,0
79,1479,0
79,915,0
79,617,0
79,1446,0
79,313,0
79,1484,0
79,1261,0
79,427,0
79,595,0
79,1204,0
79,735,0
79,108,0
79,407,0
79,234,0
79,150,0
79,651,0
79,1115,0
79,229,0
79,513,0
79,923,0
79,1388,0
79,275,0
79,1138,0
79,132,0
79,905,0
79,463,0
79,497,0
79,1444,0
79,1079,0
79,119,0
79,852,0
79,1014,0
79,884,0
79,929,0
79,812,0
79,451,0
79,1040,0
79,1228,0
79,1169,0
79,1251,0
79,310,0
79,1123,0
79,251,0
79,775,0
79,699,0
79,623,0
79,639,0
79,1485,0
79,1382,0
79,129,0
79,74,0
79,236,0
79,535,0
79,387,0
79,163,0
79,1008,0
79,734,0
79,299,0
79,951,0
79,384,0
79,408,0
79,149,0
79,102,0
79,877,0
79,237,0
79,920,0
79,700,0
79,458,0
79,865,0
79,148,0
79,979,0
79,930,0
79,130,0
79,949,0
79,849,0
79,1080,0
79,1383,0
79,842,0
79,899,0
79,1499,0
79,1188,0
79,447,0
79,1425,0
79,1165,0
79,1412,0
79,860,0
79,1338,0
79,368,0
79,1129,0
79,298,0
79,993,0
79,189,0
79,1206,0
79,492,0
79,850,0
79,572,0
79,97,0
79,681,0
79,1345,0
79,1098,0
79,1330,0
79,821,0
79,1306,0
79,692,0
79,1071,0
79,464,0
79,605,0
79,208,0
79,663,0
79,1315,0
79,1135,0
79,220,0
79,105,0
79,1092,0
79,114,0
79,1298,0
79,520,0
79,511,0
79,546,0
79,599,0
79,1028,0
79,519,0
79,204,0
79,306,0
79,555,0
79,1007,0
79,1011,0
79,1501,0
79,83,0
79,90,0
79,615,0
79,1343,0
79,739,0
79,296,0
79,48,0
79,438,0
79,1498,0
79,857,0
79,741,0
79,103,0
79,1331,0
79,1491,0
79,1110,0
79,194,0
79,450,0
79,1196,0
79,1502,0
79,919,0
79,437,0
79,421,0
79,752,0
79,1263,0
79,1503,0
79,499,0
79,461,0
79,133,0
79,494,0
79,1426,0
79,648,0
79,432,0
79,625,0
79,159,0
79,1500,0
79,956,0
79,120,0
79,259,0
79,992,0
79,1126,0
79,1326,0
79,1046,0
79,473,0
79,70,0
79,607,0
79,271,0
79,1187,0
79,769,0
79,472,0
79,1060,0
79,715,0
79,584,0
79,281,0
79,1347,0
79,556,0
79,80,0
79,410,0
79,1362,0
79,99,0
79,1057,0
79,198,0
79,557,0
79,855,0
79,413,0
79,1121,0
79,317,0
79,736,0
79,601,0
79,779,0
79,1270,0
79,701,0
79,1289,0
79,116,0
79,230,0
79,853,0
79,459,0
79,89,0
79,910,0
79,223,0
79,549,0
79,412,0
79,210,0
79,1328,0
79,561,0
79,63,0
79,1192,0
79,746,0
79,56,0
79,1258,0
79,776,0
79,469,0
79,164,0
79,282,0
79,659,0
79,446,0
79,1072,0
79,257,0
79,1488,0
79,999,0
79,1494,0
79,1266,0
79,292,0
79,693,0
79,1271,0
79,1022,0
79,1218,0
79,1047,0
79,830,0
79,1294,0
79,374,0
79,389,0
79,1124,0
79,401,0
79,261,0
79,160,0
79,1459,0
79,1084,0
79,794,0
79,566,0
79,531,0
79,477,0
79,533,0
79,1268,0
79,1427,0
79,751,0
79,1422,0
79,235,0
79,1239,0
79,1300,0
79,1149,0
79,840,0
79,1065,0
79,1454,0
79,516,0
79,1146,0
79,359,0
79,1269,0
79,430,0
79,479,0
79,892,0
79,1280,0
79,1311,0
79,399,0
79,666,0
79,375,0
79,467,0
79,1032,0
79,1264,0
79,179,0
79,327,0
79,207,0
79,1097,0
79,400,0
79,436,0
79,1193,0
79,528,0
79,107,0
79,488,0
79,423,0
79,260,0
79,362,0
79,61,0
79,1137,0
79,381,0
79,1241,0
79,247,0
79,1059,0
79,431,0
79,1088,0
79,574,0
79,1403,0
79,652,0
79,676,0
79,1105,0
79,1195,0
79,325,0
79,967,0
79,109,0
79,822,0
79,864,0
79,1322,0
79,1003,0
79,113,0
79,465,0
79,154,0
79,641,0
79,263,0
79,1449,0
79,1391,0
79,277,0
79,606,0
79,266,0
79,1329,0
79,953,0
79,667,0
79,978,0
79,1255,0
79,309,0
79,1041,0
79,1168,0
79,495,0
79,537,0
79,1282,0
79,968,0
79,135,0
79,1220,0
79,872,0
79,1122,0
79,1397,0
79,1435,0
79,753,0
79,952,0
79,970,0
79,934,0
79,646,0
79,828,0
79,1316,0
79,1495,0
79,656,0
79,155,0
79,570,0
79,997,0
79,975,0
79,1356,0
79,322,0
79,1127,0
79,1290,0
79,620,0
79,192,0
79,810,0
79,1209,0
79,1342,0
79,569,0
79,807,0
79,471,0
79,493,0
79,1492,0
79,562,0
79,881,0
79,1302,0
79,1462,0
79,517,0
79,1216,0
79,199,0
79,1346,0
79,911,0
79,1233,0
79,1191,0
79,144,0
79,191,0
79,1265,0
79,870,0
79,228,0
79,1108,0
79,441,0
79,811,0
79,1087,0
79,1074,0
79,94,0
79,1396,0
79,590,0
79,686,0
79,248,0
79,869,0
79,329,0
79,1451,0
79,527,0
79,440,0
79,1375,0
79,1299,0
79,761,0
79,326,0
79,82,0
79,539,0
79,797,0
79,717,0
79,1045,0
79,713,0
79,62,0
79,1473,0
79,1134,0
79,1406,0
79,180,0
79,77,0
79,759,0
79,1456,0
79,1238,0
79,312,0
79,534,0
79,385,0
79,316,0
79,613,0
79,1374,0
79,117,0
79,1277,0
79,1180,0
79,287,0
79,169,0
79,1453,0
79,503,0
79,122,0
79,1163,0
79,1428,0
79,983,0
79,634,0
79,987,0
79,847,0
79,360,0
79,722,0
79,1130,0
79,445,0
79,542,0
79,1337,0
79,363,0
79,521,0
79,1359,0
79,331,0
79,76,0
79,1401,0
79,318,0
79,1480,0
79,398,0
79,1361,0
79,364,0
79,672,0
79,1304,0
79,685,0
79,950,0
79,1340,0
79,1078,0
79,834,0
79,871,0
79,550,0
79,670,0
79,1073,0
79,1490,0
79,712,0
79,832,0
79,278,0
79,1441,0
79,804,0
79,737,0
79,1201,0
79,342,0
79,726,0
79,866,0
79,598,0
79,1305,0
79,454,0
79,541,0
79,593,0
79,173,0
79,1069,0
79,644,0
79,225,0
79,913,0
79,219,0
79,429,0
79,802,0
79,1222,0
79,1287,0
79,1334,0
79,765,0
79,1367,0
79,908,0
79,182,0
79,958,0
79,96,0
79,483,0
79,742,0
79,152,0
79,1293,0
79,1267,0
79,439,0
79,403,0
79,1481,0
79,1153,0
79,731,0
79,1133,0
79,758,0
79,682,0
79,1369,0
79,640,0
79,1002,0
79,861,0
79,214,0
79,1217,0
79,1167,0
79,995,0
79,185,0
79,1439,0
79,168,0
79,602,0
79,1005,0
79,728,0
79,1371,0
79,988,0
79,711,0
79,49,0
79,749,0
79,784,0
79,1286,0
79,1106,0
79,1415,0
79,1042,0
79,73,0
79,424,0
79,969,0
79,303,0
79,1016,0
79,1341,0
79,1210,0
79,1111,0
79,757,0
79,256,0
79,675,0
79,453,0
79,487,0
79,1440,0
79,1178,0
79,1055,0
79,1365,0
79,787,0
79,618,0
79,1061,0
79,650,0
79,691,0
79,283,0
79,244,0
79,1162,0
79,1399,0
79,808,0
79,525,0
79,1056,0
79,341,0
79,161,0
79,478,0
79,419,0
79,93,0
79,254,0
79,249,0
79,611,0
79,890,0
79,981,0
79,885,0
79,245,0
79,982,0
79,716,0
79,1278,0
79,654,0
79,366,0
79,903,0
79,1197,0
79,1219,0
79,661,0
79,614,0
79,166,0
79,376,0
79,1398,0
79,1475,0
79,655,0
79,815,0
79,392,0
79,1143,0
79,258,0
79,695,0
79,931,0
79,246,0
79,1400,0
79,1394,0
79,523,0
79,706,0
79,1161,0
79,1000,0
79,944,0
79,264,0
79,300,0
79,92,0
79,719,0
79,632,0
79,1144,0
79,1417,0
79,1376,0
79,1308,0
79,612,0
79,1224,0
79,1389,0
79,1445,0
79,1243,0
79,297,0
79,183,0
79,367,0
79,480,0
79,783,0
79,84,0
79,792,0
79,710,0
79,1469,0
79,285,0
79,371,0
79,874,0
79,730,0
79,1297,0
79,727,0
79,938,0
79,957,0
79,592,0
79,1017,0
79,738,0
79,1223,0
79,1012,0
79,1063,0
79,878,0
79,335,0
79,1319,0
79,1421,0
79,352,0
79,1360,0
79,900,0
79,813,0
79,1158,0
79,777,0
79,1176,0
79,88,0
79,1407,0
79,1471,0
79,816,0
79,937,0
79,862,0
79,337,0
79,718,0
79,1450,0
79,627,0
79,721,0
79,1177,0
79,1303,0
79,193,0
79,1240,0
79,172,0
79,926,0
79,289,0
79,1353,0
79,1119,0
79,1058,0
79,786,0
79,489,0
79,328,0
79,1433,0
79,678,0
79,814,0
79,846,0
79,936,0
79,702,0
79,110,0
79,1373,0
79,1463,0
79,1094,0
79,1357,0
79,522,0
79,597,0
79,1256,0
79,991,0
79,838,0
79,1438,0
79,928,0
79,1067,0
79,1231,0
79,209,0
79,379,0
79,67,0
79,203,0
79,78,0
79,1148,0
79,709,0
79,111,0
79,72,0
79,789,0
79,1411,0
79,1117,0
79,196,0
79,486,0
79,974,0
79,704,0
79,1244,0
79,540,0
79,772,0
79,417,0
79,344,0
79,190,0
79,378,0
79,188,0
79,610,0
79,128,0
79,1486,0
79,349,0
79,397,0
79,1020,0
79,273,0
79,361,0
79,824,0
79,1131,0
79,158,0
79,603,0
79,1321,0
79,1324,0
79,591,0
79,653,0
79,829,0
79,696,0
79,984,0
79,1066,0
79,1103,0
79,619,0
79,1381,0
79,338,0
79,1296,0
79,801,0
79,581,0
79,1385,0
79,1186,0
79,921,0
79,1483,0
79,985,0
79,404,0
79,1313,0
79,434,0
79,588,0
79,233,0
79,863,0
79,826,0
79,213,0
79,1447,0
79,688,0
79,889,0
79,1336,0
79,637,0
79,71,0
79,391,0
79,529,0
79,638,0
79,796,0
79,252,0
79,1487,0
79,1291,0
79,1442,0
79,1172,0
79,1477,0
79,1339,0
79,53,0
79,799,0
79,895,0
79,54,0
79,1432,0
79,827,0
79,771,0
79,1288,0
79,1461,0
79,1452,0
79,250,0
79,543,0
79,187,0
79,942,0
79,226,0
79,460,0
79,508,0
79,756,0
79,1402,0
79,1466,0
79,126,0
79,1414,0
79,879,0
79,973,0
79,954,0
79,1202,0
79,635,0
79,1086,0
79,147,0
79,596,0
79,836,0
79,876,0
79,994,0
79,1405,0
79,1344,0
79,818,0
79,744,0
79,1151,0
79,262,0
79,304,0
79,940,0
79,1083,0
79,175,0
79,59,0
79,1185,0
79,782,0
79,1460,0
79,1358,0
79,1386,0
79,795,0
79,334,0
79,785,0
79,1200,0
79,476,0
79,1307,0
79,1184,0
79,1443,0
79,181,0
79,414,0
79,1171,0
79,239,0
79,687,0
79,136,0
79,86,0
79,1085,0
79,345,0
79,405,0
79,1332,0
79,1409,0
79,457,0
79,115,0
79,647,0
79,552,0
79,1225,0
79,909,0
79,320,0
79,916,0
79,1199,0
79,763,0
79,50,0
79,462,0
79,1033,0
79,347,0
79,720,0
79,1496,0
79,1309,0
79,1194,0
79,1203,0
79,764,0
79,370,0
79,1408,0
79,1237,0
79,291,0
79,1434,0
79,1054,0
79,773,0
79,276,0
79,137,0
79,809,0
79,112,0
79,506,0
79,831,0
79,456,0
79,396,0
79,212,0
79,798,0
79,1250,0
79,272,0
79,897,0
79,781,0
79,526,0
79,294,0
79,558,0
79,912,0
79,91,0
79,186,0
79,295,0
79,382,0
79,1377,0
79,684,0
79,1493,0
79,1213,0
79,845,0
79,87,0
79,806,0
79,841,0
79,629,0
79,1036,0
79,1465,0
79,518,0
79,500,0
79,165,0
79,733,0
79,1114,0
79,943,0
79,690,0
79,1470,0
79,1030,0
79,1039,0
79,343,0
79,293,0
79,964,0
79,732,0
79,680,0
79,1090,0
79,998,0
79,904,0
79,708,0
79,1128,0
79,576,0
79,1292,0
79,800,0
79,231,0
79,1363,0
79,664,0
79,583,0
79,966,0
79,433,0
79,1070,0
79,350,0
79,760,0
79,156,0
79,1283,0
79,1424,0
79,422,0
79,121,0
79,575,0
79,1333,0
79,153,0
79,891,0
79,418,0
79,839,0
79,1089,0
79,959,0
79,448,0
79,976,0
79,1147,0
79,1182,0
79,1468,0
79,380,0
79,52,0
79,507,0
79,305,0
79,340,0
79,538,0
79,939,0
79,1159,0
79,1116,0
79,238,0
79,594,0
79,740,0
79,355,0
79,217,0
79,81,0
79,1234,0
79,1384,0
79,886,0
79,1107,0
79,1245,0
79,1093,0
79,868,0
79,64,0
79,68,0
79,1350,0
79,586,0
79,1354,0
79,854,0
79,1252,0
79,1257,0
79,1349,0
79,195,0
79,100,0
79,1175,0
79,679,0
79,420,0
79,805,0
79,1221,0
79,1355,0
79,222,0
79,383,0
79,945,0
79,1390,0
79,875,0
79,140,0
79,882,0
79,1132,0
79,689,0
79,505,0
79,645,0
79,330,0
79,1095,0
79,1021,0
79,354,0
79,894,0
79,442,0
79,564,0
79,626,0
79,1317,0
79,286,0
79,142,0
79,373,0
79,633,0
79,170,0
79,893,0
79,1276,0
79,1125,0
79,790,0
79,411,0
79,1170,0
79,1226,0
79,568,0
79,1150,0
79,729,0
79,902,0
79,1113,0
79,1274,0
79,1214,0
79,580,0
79,301,0
79,509,0
79,1037,0
79,348,0
79,960,0
79,241,0
79,475,0
79,616,0
79,365,0
79,1416,0
79,202,0
79,833,0
79,1281,0
79,1048,0
79,673,0
79,1279,0
79,1419,0
79,996,0
79,1101,0
79,925,0
79,353,0
79,177,0
79,1335,0
79,482,0
79,1031,0
79,1448,0
79,697,0
79,835,0
79,859,0
79,466,0
79,484,0
79,1378,0
79,907,0
79,1100,0
79,1173,0
79,406,0
79,1395,0
79,268,0
79,770,0
79,1166,0
79,372,0
79,901,0
79,308,0
79,1366,0
79,933,0
79,79,0
79,138,0
79,622,0
79,551,0
79,1145,0
79,1482,0
79,1262,0
79,435,0
79,1455,0
79,1024,0
79,1229,0
79,215,0
79,1474,0
79,883,0
79,284,0
79,624,0
79,955,0
79,965,0
79,559,0
79,941,0
79,963,0
79,553,0
79,315,0
79,127,0
79,123,0
79,1004,0
79,1029,0
79,1181,0
79,1081,0
79,351,0
79,118,0
79,1295,0
79,95,0
79,1242,0
79,197,0
79,98,0
79,1038,0
79,844,0
79,1190,0
79,167,0
79,547,0
79,896,0
80,506,0
80,562,0
80,408,1
80,522,0
80,556,0
80,538,1
80,482,1
80,418,0
80,446,1
80,477,1
80,493,1
80,537,1
80,393,0
80,594,0
80,584,0
80,541,1
80,531,1
80,540,1
80,486,0
80,627,0
80,539,1
80,542,1
80,479,1
80,484,0
81,1119,1
81,1263,1
81,1178,1
81,1125,1
81,1157,1
81,1078,1
81,1219,1
81,567,1
81,946,1
81,885,1
81,1049,1
81,1081,1
81,918,1
81,1094,1
81,1232,1
81,1208,1
81,1054,1
81,1101,1
81,861,0
81,1092,1
81,1118,1
81,1304,1
81,915,1
81,1156,1
81,1117,1
81,947,1
81,1143,1
81,949,1
81,602,0
81,763,1
81,569,1
81,604,1
81,1077,1
81,1099,1
81,934,1
81,1243,1
81,1262,1
81,1277,1
81,878,1
81,1098,1
81,880,1
81,573,1
81,962,1
81,922,1
81,881,1
81,819,0
81,899,1
81,50,1
81,917,1
81,1189,1
81,1255,1
81,916,1
81,1299,1
81,1177,1
81,860,0
81,902,1
81,1142,1
81,1214,1
81,920,1
81,1057,1
81,1076,1
81,36,1
81,921,1
81,350,1
81,953,1
81,1234,1
81,1200,1
82,692,1
82,1338,0
82,937,1
82,576,1
82,138,1
82,1584,0
82,1214,0
82,350,1
82,116,1
82,1216,1
82,217,1
82,563,1
82,107,1
82,861,0
82,465,1
82,939,1
82,316,1
82,269,1
82,519,1
82,682,1
82,638,1
82,139,1
82,784,1
82,274,1
82,87,1
82,364,1
82,794,1
82,786,0
82,209,1
82,1163,1
82,257,1
82,978,1
82,1252,1
82,68,0
82,317,1
82,710,0
82,455,1
82,172,1
82,143,1
82,363,1
82,268,1
82,842,1
82,573,1
82,263,1
82,887,0
82,1326,0
82,183,1
82,456,1
82,457,1
82,352,1
82,529,1
82,520,1
82,182,1
82,743,1
82,1126,1
82,810,0
82,320,1
82,443,0
82,256,1
82,300,1
82,629,1
82,185,1
82,468,1
82,223,1
82,564,1
82,422,1
82,417,1
82,112,1
82,186,1
82,787,0
82,938,1
82,841,1
82,1034,0
82,181,1
82,173,1
82,174,1
82,148,1
82,1412,0
82,1073,1
82,224,1
82,321,1
82,271,1
82,366,1
82,413,1
82,1125,1
82,681,1
82,977,0
82,383,0
82,489,0
82,218,1
82,685,1
82,137,1
82,228,1
82,619,0
82,1035,1
82,964,0
82,351,1
82,119,1
82,270,1
82,631,1
82,203,1
82,132,1
82,267,1
82,414,1
82,632,1
82,258,1
82,883,1
82,369,1
82,416,1
82,115,1
82,110,1
82,227,1
82,313,1
82,184,1
82,85,1
82,574,0
82,599,0
82,53,0
82,314,1
84,718,0
84,1776,0
84,1867,0
84,2086,0
84,1810,0
84,2234,0
84,1421,0
84,602,0
84,2128,1
84,2192,0
84,2246,1
84,1265,0
84,396,0
84,2250,0
84,2213,0
84,565,0
84,2261,1
84,1306,0
84,1247,0
84,918,0
84,2118,0
84,2258,0
84,601,0
84,639,0
84,736,0
84,1871,0
84,104,1
84,719,0
84,902,0
84,410,0
84,2129,0
84,506,0
84,2074,0
84,1659,0
84,865,0
84,1693,0
84,143,1
84,735,0
84,2006,0
84,1777,0
84,790,0
84,792,0
84,2264,0
84,93,1
84,950,0
84,1100,0
84,437,0
84,827,0
84,1905,0
84,720,0
84,2204,0
84,1726,0
84,1861,0
84,1778,1
84,1059,1
84,764,0
84,2058,0
84,2084,1
84,2257,1
84,1731,0
84,2066,1
84,2201,0
84,2068,0
84,2060,0
84,2117,0
84,1176,0
84,2120,1
84,904,0
84,1136,0
84,2262,0
84,1817,1
84,2248,0
84,1952,0
84,1724,0
84,2245,1
84,637,0
84,480,0
84,2056,0
84,1085,0
84,1775,0
84,1815,1
84,1112,0
84,2189,0
84,1086,0
84,1200,0
84,2225,1
84,2005,1
84,791,0
84,1944,0
84,826,0
84,533,0
84,1305,0
84,1980,0
84,2181,0
84,2162,0
84,2136,0
84,2075,0
84,479,0
84,760,0
84,1948,0
84,1119,0
84,2127,1
84,2215,0
84,732,0
84,1264,0
84,2057,0
84,1873,1
85,115,0
85,224,1
85,105,0
85,83,0
85,90,0
85,86,0
85,85,0
85,108,0
85,44,0
85,193,0
85,40,0
85,214,1
85,43,0
85,6,0
85,211,1
85,7,0
85,111,0
85,91,0
85,190,0
85,163,0
85,114,0
85,123,0
85,23,0
85,14,0
85,37,0
85,179,0
85,41,0
85,2,0
85,116,0
85,119,0
85,19,0
85,120,0
85,10,0
85,166,0
85,199,1
86,129,0
86,399,0
86,232,0
86,214,0
86,691,0
86,173,0
86,317,0
86,178,0
86,923,0
86,602,0
86,838,0
86,437,0
86,229,0
86,284,0
86,995,0
86,957,0
86,883,0
86,403,0
86,169,0
86,192,0
86,222,0
86,708,0
86,297,0
86,726,0
86,201,0
86,815,0
86,290,0
86,621,0
86,302,0
86,745,0
86,723,0
86,286,0
86,414,0
86,591,0
86,766,0
86,749,0
86,354,0
86,897,0
86,990,0
86,188,0
86,287,0
86,683,0
86,761,0
86,832,0
86,267,0
86,417,0
86,970,0
86,400,0
86,219,0
86,865,0
86,421,0
86,751,0
86,743,0
86,345,0
86,860,0
86,992,0
86,941,0
86,998,0
86,312,0
86,907,0
86,378,0
86,942,0
86,342,0
86,311,0
86,153,0
86,264,0
86,789,0
86,763,0
86,709,0
86,935,0
86,273,0
86,771,0
86,314,0
86,908,0
86,391,0
86,706,0
86,497,0
86,484,0
86,949,0
86,788,0
86,225,0
86,209,0
86,997,0
86,684,0
86,984,0
86,558,0
86,199,0
86,747,0
86,780,0
86,589,0
86,150,0
86,620,0
86,375,0
86,443,0
86,739,0
86,614,0
86,360,0
86,932,0
86,175,0
86,656,0
86,917,0
86,163,0
86,808,0
86,616,0
86,460,0
86,197,0
86,673,0
86,135,0
86,156,0
86,207,0
86,928,0
86,258,0
86,356,0
86,1000,0
86,827,0
86,346,0
86,584,0
86,146,0
86,397,0
86,945,0
86,473,0
86,777,0
86,369,0
86,183,0
86,754,0
86,851,0
86,216,0
86,873,0
86,772,0
86,892,0
86,844,0
86,909,0
86,233,0
86,257,0
86,799,0
86,792,0
86,650,0
86,588,0
86,927,0
86,670,0
86,541,0
86,307,0
86,868,0
86,236,0
86,769,0
86,905,0
86,889,0
86,322,0
86,123,0
86,336,0
86,206,0
86,165,0
86,224,0
86,812,0
86,436,0
86,638,0
86,912,0
86,321,0
86,885,0
86,382,0
86,128,0
86,187,0
86,372,0
86,774,0
86,967,0
86,664,0
86,196,0
86,993,0
86,438,0
86,254,0
86,914,0
86,663,0
86,555,0
86,147,0
86,895,0
86,950,0
86,846,0
86,392,0
86,335,0
86,752,0
86,271,0
86,911,0
86,785,0
86,217,0
86,724,0
86,960,0
86,878,0
86,657,0
86,333,0
86,901,0
86,425,0
86,215,0
86,910,0
86,221,0
86,695,0
86,729,0
86,879,0
86,795,0
86,900,0
86,80,0
86,419,0
86,174,0
86,842,0
86,884,0
86,973,0
86,238,0
86,353,0
86,920,0
86,256,0
86,278,0
86,764,0
86,371,0
86,931,0
86,374,0
86,348,0
86,172,0
86,893,0
86,781,0
86,413,0
86,379,0
86,274,0
86,340,0
86,386,0
86,682,0
86,401,0
86,326,0
86,953,0
86,615,0
86,249,0
86,343,0
86,539,0
86,689,0
86,538,0
86,756,0
86,922,0
86,344,0
86,887,0
86,461,0
86,586,0
86,758,0
86,742,0
86,376,0
86,390,0
86,282,0
86,142,0
86,872,0
86,948,0
86,786,0
86,319,0
86,570,0
86,853,0
86,220,0
86,956,0
86,339,0
86,299,0
86,944,0
86,211,0
86,366,0
86,882,0
86,701,0
86,338,0
86,239,0
86,733,0
86,509,0
86,717,0
86,310,0
86,731,0
86,154,0
86,380,0
86,843,0
86,700,0
86,349,0
86,245,0
86,622,0
86,936,0
86,835,0
86,871,0
86,266,0
86,718,0
86,802,0
86,412,0
86,285,0
86,658,0
86,753,0
86,831,0
86,805,0
86,149,0
86,164,0
86,971,0
86,411,0
86,293,0
86,817,0
86,270,0
86,244,0
86,811,0
86,544,0
86,660,0
86,632,0
86,819,0
86,126,0
86,727,0
86,737,0
86,177,0
86,809,0
86,370,0
86,532,0
86,145,0
86,280,0
86,200,0
86,767,0
86,903,0
86,640,0
86,904,0
86,906,0
86,681,0
86,674,0
86,784,0
86,384,0
86,782,0
86,242,0
86,676,0
86,228,0
86,854,0
86,939,0
86,857,0
86,334,0
86,707,0
86,248,0
86,862,0
86,212,0
86,921,0
86,272,0
86,247,0
86,331,0
86,587,0
86,711,0
86,303,0
86,194,0
86,750,0
86,189,0
86,281,0
86,962,0
86,989,0
86,834,0
86,402,0
86,858,0
86,890,0
86,848,0
86,946,0
86,617,0
86,959,0
86,213,0
86,574,0
86,830,0
86,866,0
86,634,0
86,863,0
86,985,0
86,241,0
86,814,0
86,144,0
86,117,0
86,355,0
86,166,0
86,760,0
86,295,0
86,320,0
86,776,0
86,176,0
86,102,0
86,847,0
86,719,0
86,820,0
86,253,0
86,891,0
86,798,0
86,223,0
86,275,0
86,394,0
86,933,0
86,198,0
86,937,0
86,765,0
86,796,0
86,404,0
86,352,0
86,428,0
86,623,0
86,148,0
86,252,0
86,304,0
86,279,0
86,193,0
86,631,0
86,716,0
86,924,0
86,840,0
86,151,0
86,875,0
86,540,0
86,720,0
86,735,0
86,856,0
86,880,0
86,315,0
86,740,0
86,261,0
86,367,0
86,395,0
86,298,0
86,859,0
86,680,0
86,822,0
86,396,0
86,644,0
86,491,0
86,803,0
86,131,0
86,571,0
86,647,0
86,130,0
86,288,0
86,141,0
86,845,0
86,415,0
86,813,0
86,688,0
86,595,0
86,467,0
86,604,0
86,134,0
86,732,0
86,850,0
86,127,0
86,240,0
86,841,0
86,728,0
86,918,0
86,694,0
86,155,0
86,919,0
86,566,0
86,594,0
86,140,0
86,427,0
86,171,0
86,692,0
86,762,0
86,642,0
86,836,0
86,227,0
86,210,0
86,730,0
86,896,0
86,268,0
86,195,0
86,337,0
86,184,0
86,888,0
86,791,0
86,894,0
86,398,0
86,794,0
86,713,0
86,899,0
86,703,0
86,234,0
86,246,0
86,167,0
86,987,0
86,702,0
86,943,0
86,559,0
86,665,0
86,179,0
86,250,0
86,825,0
86,877,0
86,810,0
86,564,0
86,486,0
86,324,0
86,775,0
86,722,0
86,768,0
86,964,0
86,925,0
86,898,0
86,159,0
86,204,0
86,926,0
86,861,0
86,143,0
86,677,0
86,202,0
86,423,0
86,118,0
86,849,0
86,362,0
86,649,0
86,510,0
86,251,0
86,449,0
86,306,0
86,698,0
86,168,0
86,639,0
86,385,0
86,915,0
86,182,0
86,779,0
86,462,0
86,313,0
86,447,0
86,190,0
86,886,0
86,837,0
86,929,0
86,648,0
86,655,0
86,870,0
86,593,0
86,161,0
86,255,0
86,350,0
86,874,0
86,867,0
86,328,0
86,545,0
86,816,0
86,963,0
86,262,0
86,672,0
86,839,0
86,269,0
86,951,0
86,485,0
86,916,0
86,783,0
86,790,0
86,125,0
86,1001,0
86,965,0
86,979,0
86,826,0
86,715,0
86,994,0
86,393,0
86,115,0
86,958,0
86,938,0
86,138,0
86,687,0
86,913,0
86,226,0
86,947,0
86,881,0
86,534,0
86,974,0
86,575,0
86,208,0
86,387,0
86,714,0
86,991,0
86,793,0
86,624,0
86,341,0
86,643,0
86,934,0
86,162,0
86,305,0
86,237,0
86,368,0
86,696,0
86,770,0
86,363,0
86,940,0
86,121,0
86,329,0
86,852,0
86,289,0
86,605,0
86,800,0
86,301,0
86,855,0
86,746,0
86,828,0
86,955,0
86,601,0
86,725,0
86,679,0
86,738,0
86,821,0
86,361,0
86,778,0
86,388,0
86,508,0
86,351,0
86,416,0
86,110,0
86,736,0
86,824,0
86,263,0
86,690,0
86,961,0
86,265,0
86,139,0
86,986,0
86,300,0
86,823,0
86,999,0
86,996,0
86,359,0
86,203,0
86,748,0
86,969,0
86,426,0
86,864,0
86,876,0
86,170,0
86,833,0
86,829,0
86,773,0
86,365,0
86,667,0
86,641,0
86,818,0
86,721,0
86,952,0
86,590,0
86,804,0
86,185,0
86,283,0
86,389,0
86,671,0
86,323,0
86,364,0
86,277,0
86,741,0
86,930,0
86,976,0
86,902,0
86,697,0
86,191,0
86,160,0
86,420,0
86,712,0
86,347,0
86,327,0
86,521,0
86,318,0
86,869,0
86,218,0
86,309,0
86,377,0
86,787,0
86,243,0
86,755,0
86,744,0
86,954,0
86,316,0
86,186,0
86,704,0
86,966,0
86,533,0
86,325,0
86,797,0
86,801,0
86,757,0
86,613,0
86,806,0
86,308,0
86,235,0
86,330,0
86,972,0
86,666,0
86,705,0
86,968,0
87,111,0
87,44,1
87,151,0
87,87,1
87,122,0
87,67,1
87,18,1
87,69,0
87,85,0
87,51,0
87,94,0
87,70,0
87,58,1
87,42,1
87,59,1
87,65,1
87,75,1
88,1298,1
88,536,0
88,711,0
88,549,0
88,1277,1
88,206,1
88,1278,1
88,854,0
88,525,0
88,1276,1
88,357,0
88,783,0
88,725,0
88,616,0
88,785,0
88,710,0
88,878,0
88,1309,1
88,709,0
88,1280,1
88,1314,1
88,855,0
89,379,0
89,476,0
89,378,0
89,955,1
89,551,0
89,481,0
89,1003,0
89,623,0
89,621,0
89,1041,0
89,1025,0
89,408,0
89,667,0
89,627,0
89,458,0
89,669,0
89,679,0
89,1010,0
89,397,0
89,456,0
89,361,0
89,484,0
89,618,0
89,411,0
89,662,0
89,625,0
89,622,0
89,671,0
89,620,1
89,672,0
89,650,0
89,994,1
89,648,0
89,400,0
89,394,0
89,612,0
89,498,0
89,638,0
89,531,0
89,375,1
89,651,0
89,434,0
89,573,0
89,402,0
89,614,0
89,536,0
89,381,0
89,452,0
89,386,0
89,678,0
89,359,0
89,666,0
89,626,0
89,587,0
89,640,0
89,471,0
89,372,0
90,194,0
90,653,0
90,911,0
90,430,0
90,1479,0
90,2038,0
90,1152,0
90,741,0
90,1282,0
90,222,0
90,697,0
90,352,0
90,850,0
90,1149,0
90,1910,0
90,28,0
90,247,0
90,353,0
90,58,0
90,59,0
90,515,0
90,1343,0
90,3726,0
90,472,0
90,425,0
90,2859,0
90,646,0
90,972,0
90,169,0
90,350,0
90,1418,0
90,1888,0
90,2495,0
90,72,0
90,644,0
90,2720,0
90,905,0
90,1683,0
90,196,0
90,744,0
90,961,0
90,1185,0
90,1428,0
90,250,0
90,796,0
90,355,0
90,1086,0
90,561,0
90,192,0
90,1615,0
90,1164,0
90,1089,0
90,861,0
90,742,0
90,965,0
90,92,0
90,248,0
90,963,0
90,854,0
90,806,0
90,313,0
90,1157,0
90,597,0
90,3687,0
90,1147,0
90,110,0
90,1146,0
90,975,0
90,1477,0
90,2640,0
90,1295,0
90,751,0
90,195,0
90,1277,0
90,393,0
90,1689,0
90,346,0
90,1408,0
90,2188,0
90,1614,0
90,1040,0
90,753,0
90,434,0
90,1480,0
90,125,0
90,105,0
90,1543,0
90,1361,0
90,1154,0
90,1512,0
90,147,0
90,1892,0
90,1483,0
90,700,0
90,1145,0
90,1249,0
90,283,0
90,317,0
90,1150,0
90,853,0
90,1843,0
90,909,0
90,2281,0
90,1548,0
90,908,0
90,1148,0
90,218,0
90,605,0
90,7,0
90,1285,0
90,37,0
90,962,0
90,168,0
90,1215,0
90,507,0
90,1741,0
90,1567,0
90,906,0
90,559,0
90,26,0
90,1088,0
90,1753,0
90,1084,0
90,2337,0
90,1163,0
90,191,0
90,2417,0
90,172,0
90,2269,0
90,91,0
90,394,0
90,277,0
90,1472,0
90,598,0
90,1481,0
90,1087,0
90,1616,0
90,149,0
90,89,0
90,385,0
90,108,0
90,316,0
90,1222,0
90,148,0
90,90,0
90,698,0
90,1024,0
90,3562,0
90,389,0
90,62,0
90,249,0
90,124,0
90,917,0
90,1091,0
90,1764,0
90,171,0
90,1415,0
90,224,0
90,2116,0
90,3136,0
90,966,0
90,903,0
90,1151,0
90,1279,0
90,2035,0
90,959,0
90,2338,0
90,468,0
90,391,0
90,858,0
90,312,0
90,1341,0
90,803,0
90,281,0
90,743,0
90,2052,0
90,1540,0
90,319,0
90,1284,0
90,1025,0
90,109,0
90,245,0
90,1701,0
90,170,0
90,2037,0
90,1344,0
90,2494,0
90,1414,0
90,347,0
90,516,0
90,318,0
90,107,0
90,1031,0
90,2353,0
90,1083,0
90,1632,0
90,1026,0
90,60,0
90,508,0
90,907,0
90,703,0
90,144,0
90,599,0
90,193,0
90,1746,0
90,390,0
90,223,0
90,794,0
90,166,0
90,49,0
90,514,0
90,1027,0
90,1095,0
90,2114,0
90,3519,0
90,219,0
90,1294,0
90,745,0
90,647,0
90,473,0
90,1283,0
90,1342,0
90,553,0
90,1424,0
90,1476,0
90,220,0
90,606,0
90,1347,0
90,2785,0
90,912,0
90,2635,0
90,797,0
90,433,0
90,645,0
90,27,0
90,1549,0
90,1085,0
90,1153,0
90,106,0
90,123,0
90,225,0
90,1218,0
90,1280,0
90,1680,0
90,1822,0
90,1296,0
90,1345,0
90,50,0
90,1617,0
90,351,0
90,280,0
90,1417,0
90,3349,0
90,1546,0
90,427,0
90,852,0
90,146,0
90,284,0
90,1288,0
90,388,0
90,1674,0
90,61,0
90,467,0
90,2568,0
90,1762,0
90,1028,0
90,145,0
90,1752,0
90,651,0
90,1889,0
90,251,0
90,20,0
90,1092,0
90,563,0
90,1350,0
90,21,0
90,1637,0
90,1478,0
90,1682,0
90,252,0
90,964,0
90,1825,0
90,3644,0
90,3303,0
90,73,0
90,562,0
90,1223,0
90,560,0
90,904,0
90,793,0
90,2268,0
90,1232,0
90,3797,0
90,1278,0
90,654,0
90,902,0
90,1358,0
90,600,0
90,1214,0
90,74,0
90,552,0
90,167,0
90,695,0
90,851,0
90,1684,0
90,1650,0
90,1771,0
90,1964,0
90,1749,0
90,221,0
90,1281,0
91,7,0
91,225,0
91,88,0
91,242,0
91,169,0
91,271,0
91,187,0
91,263,0
91,129,0
91,228,0
91,292,0
91,250,0
91,58,0
91,308,0
91,286,0
91,38,0
91,142,0
91,139,0
91,249,0
91,204,0
91,47,0
91,59,0
91,128,0
91,262,0
91,8,0
91,291,0
91,89,0
91,196,0
91,285,0
91,162,0
91,153,0
91,270,0
91,6,0
91,299,0
91,268,0
91,18,0
91,305,0
91,257,0
91,265,0
91,156,0
91,267,0
91,278,0
91,208,0
91,191,0
91,19,0
91,221,0
91,244,0
91,2,0
91,171,0
91,23,0
91,79,0
91,120,0
91,287,0
91,195,0
91,11,0
91,277,0
91,160,0
91,76,0
91,30,0
91,12,0
91,24,0
91,233,0
91,68,0
91,293,0
91,40,0
91,173,0
91,302,0
91,259,0
91,113,0
91,94,0
91,31,0
91,39,0
91,25,0
91,297,0
91,207,0
91,222,0
91,300,0
91,248,0
91,3,0
91,301,0
91,15,0
91,311,0
91,296,0
91,220,0
91,9,0
91,102,0
91,114,0
91,56,0
91,78,0
91,21,0
91,161,0
91,137,0
91,230,0
91,138,0
91,10,0
91,307,0
91,26,0
91,16,0
91,172,0
91,74,0
91,298,0
91,32,0
91,103,0
91,33,0
91,280,0
91,205,0
91,269,0
91,261,0
91,190,0
91,273,0
91,77,0
91,4,0
91,281,0
91,306,0
91,229,0
91,17,0
91,246,0
91,279,0
91,41,0
91,174,0
91,170,0
91,243,0
91,5,0
91,57,0
91,266,0
91,13,0
91,136,0
91,340,1
91,1,0
91,0,0
91,101,0
91,206,0
91,209,0
91,231,0
91,219,0
91,258,0
91,260,0
91,264,0
92,841,0
92,1227,1
92,884,1
92,791,1
92,909,1
92,900,0
92,1311,0
92,898,1
92,1129,0
92,904,1
92,1009,0
92,1605,0
92,1508,0
92,1256,1
92,1048,1
92,1154,0
92,720,0
92,576,0
92,772,0
92,716,1
92,683,0
92,1131,1
92,1060,0
92,1301,0
92,899,0
92,1196,0
92,1381,0
92,953,0
92,1046,1
92,954,0
92,1011,1
92,1402,0
92,1391,0
92,761,1
92,1291,0
92,840,0
92,1199,1
92,1105,0
92,956,0
92,889,0
92,843,0
92,1357,0
92,1384,0
92,961,1
92,1496,0
92,1223,1
92,719,0
92,1160,1
92,888,0
92,1059,0
92,850,1
92,1134,1
92,949,1
92,1487,0
92,1623,0
92,1161,1
92,774,0
92,1180,1
92,766,0
92,951,1
92,1279,1
92,883,1
92,760,1
92,1130,1
92,736,1
92,829,1
92,1224,1
92,950,1
92,1313,0
92,1207,0
92,1066,1
92,735,1
92,773,0
92,964,0
92,717,1
92,965,0
92,890,0
92,1055,1
92,1463,0
92,786,1
92,652,1
92,684,0
92,1417,0
92,1209,0
92,1418,0
92,997,1
92,824,1
92,854,1
92,1008,0
92,765,1
92,957,0
92,1514,0
92,855,1
92,775,0
92,777,0
92,718,0
92,1101,1
92,901,1
92,831,1
92,1195,0
93,498,0
93,601,0
93,177,0
93,78,1
93,153,0
93,143,1
93,604,0
93,609,0
93,106,0
93,159,1
93,175,0
93,532,0
93,497,0
93,562,0
93,541,0
93,496,0
93,457,0
93,144,1
93,107,1
93,613,0
93,151,1
93,458,0
94,1811,0
94,1971,0
94,1901,0
94,1841,0
94,1948,0
94,60,0
94,1801,0
94,3990,0
94,496,0
94,3834,0
94,3666,0
94,3727,0
94,1776,0
94,1773,0
94,1898,0
94,3831,0
94,121,0
94,3952,0
94,3909,0
94,2062,0
94,1751,0
94,1793,0
94,3819,0
94,257,0
94,1860,0
94,3780,0
94,3841,0
94,2000,0
94,3747,0
94,1982,0
94,3924,0
94,3721,0
94,3797,0
94,1877,0
94,18,0
94,2078,0
94,3808,0
94,146,0
94,3746,0
94,3839,0
94,3720,0
94,3906,0
94,1815,0
94,1963,0
94,1785,0
94,3670,0
94,1799,0
94,3929,0
94,474,0
94,1849,0
94,1738,0
94,1737,0
94,1988,0
94,1779,0
94,2008,0
94,3820,0
94,3823,0
94,3908,0
94,120,0
94,1803,0
94,3838,0
94,3863,0
94,1821,0
94,1809,0
94,3802,0
94,2886,0
94,3011,0
94,1351,0
94,1893,0
94,3811,0
94,422,0
94,3771,0
94,1833,0
94,3942,0
94,1760,0
94,1843,0
94,1981,0
94,1993,0
94,3755,0
94,134,0
94,2077,0
94,1819,0
94,1911,0
94,3843,0
94,3685,0
94,3971,0
94,3698,0
94,3938,0
94,3690,0
94,2046,0
94,1938,0
94,3008,0
94,1858,0
94,1995,0
94,3933,0
94,3953,0
94,1419,1
94,3752,0
94,1966,0
94,1970,0
94,1910,0
94,3858,0
94,3972,0
94,3789,0
94,2096,0
94,1836,0
94,3946,0
94,1761,0
94,2004,0
94,3986,0
94,3761,0
94,1747,0
94,3656,0
94,1977,0
94,3732,0
94,2095,0
94,2009,0
94,3671,0
94,1806,0
94,1804,0
94,1885,0
94,3677,0
94,1923,0
94,1764,0
94,1444,1
94,2775,0
94,3753,0
94,3844,0
94,1890,0
94,3806,0
94,1817,0
94,3708,0
94,1909,0
94,1888,0
94,3716,0
94,3873,0
94,2079,0
94,3910,0
94,1789,0
94,1762,0
94,3012,0
94,3825,0
94,1949,0
94,3783,0
94,1921,0
94,1753,0
94,1957,0
94,3862,0
94,2098,0
94,1829,0
94,3745,0
94,1823,0
94,1915,0
94,89,0
94,1850,0
94,3896,0
94,1786,0
94,3897,0
94,1736,0
94,1370,0
94,1328,0
94,3822,0
94,3824,0
94,3871,0
94,2931,0
94,3703,0
94,1878,0
94,3913,0
94,1857,0
94,1942,0
94,3776,0
94,2012,0
94,1853,0
94,1914,0
94,1795,0
94,1826,0
94,3730,0
94,1741,0
94,3751,0
94,2030,0
94,3709,0
94,2019,0
94,2097,0
94,2986,0
94,1768,0
94,161,0
94,3687,0
94,3976,0
94,1862,0
94,3715,0
94,1985,0
94,2387,0
94,1752,0
94,3736,0
94,3744,0
94,1986,0
94,1732,0
94,1869,0
94,1945,0
94,2058,0
94,3779,0
94,3691,0
94,3692,0
94,1856,0
94,1875,0
94,3774,0
94,3741,0
94,1852,0
94,3905,0
94,3886,0
94,3889,0
94,1912,0
94,3960,0
94,3688,0
94,2065,0
94,1950,0
94,1730,0
94,1848,0
94,1274,0
94,3860,0
94,1908,0
94,3829,0
94,2049,0
94,3762,0
94,6,0
94,1882,0
94,2025,0
94,3958,0
94,3847,0
94,3734,0
94,1780,0
94,1842,0
94,1767,0
94,1939,0
94,1903,0
94,3988,0
94,1781,0
94,3876,0
94,3766,0
94,2023,0
94,13,1
94,2972,0
94,1920,0
94,1769,0
94,1854,0
94,3769,0
94,3930,0
94,1837,0
94,3983,0
94,1816,0
94,1830,0
94,3868,0
94,3013,0
94,1896,0
94,1814,0
94,3887,0
94,3832,0
94,3085,0
94,344,0
94,164,0
94,3967,0
94,3854,0
94,3668,0
94,1931,0
94,3739,0
94,3781,0
94,3777,0
94,2667,0
94,2110,0
94,213,0
94,1983,0
94,1394,0
94,3948,0
94,3864,0
94,3978,0
94,3807,0
94,1944,0
94,1978,0
94,3697,0
94,547,0
94,3743,0
94,3000,0
94,1770,0
94,2868,0
94,1960,0
94,3902,0
94,3975,0
94,198,0
94,324,0
94,1813,0
94,1846,0
94,2109,0
94,1936,0
94,1999,0
94,3917,0
94,3815,0
94,1734,0
94,1791,0
94,3790,0
94,1913,0
94,3914,0
94,1832,0
94,1964,0
94,1889,0
94,1159,0
94,3934,0
94,3686,0
94,3935,0
94,3731,0
94,2961,0
94,3657,0
94,3,1
94,48,0
94,2993,0
94,3735,0
94,2050,0
94,493,0
94,3700,0
94,88,0
94,2037,0
94,3969,0
94,3949,0
94,2006,0
94,3704,0
94,1928,0
94,3729,0
94,1899,0
94,3921,0
94,1947,0
94,1835,0
94,318,0
94,596,0
94,3852,0
94,634,0
94,1886,0
94,1864,0
94,3851,0
94,3793,0
94,1844,0
94,2066,0
94,3950,0
94,1808,0
94,2013,0
94,1961,0
94,3665,0
94,1838,0
94,3813,0
94,1787,0
94,1976,0
94,3964,0
94,3945,0
94,1904,0
94,1866,0
94,1790,0
94,3675,0
94,3812,0
94,3810,0
94,3775,0
94,1303,0
94,1792,0
94,3712,0
94,3911,0
94,1953,0
94,3655,0
94,1935,0
94,2002,0
94,3849,0
94,3760,0
94,3740,0
94,1919,0
94,1745,0
94,1861,0
94,1740,0
94,1758,0
94,1958,0
94,3014,0
94,3861,0
94,3689,0
94,1874,0
94,3898,0
94,1972,0
94,3955,0
94,3679,0
94,1891,0
94,1926,0
94,1802,0
94,2011,0
94,2052,0
94,1927,0
94,3764,0
94,3836,0
94,3726,0
94,3936,0
94,3683,0
94,1932,0
94,3828,0
94,1800,0
94,2104,0
94,3795,0
94,3878,0
94,3713,0
94,3654,0
94,1969,0
94,3759,0
94,3817,0
94,3737,0
94,1967,0
94,1952,0
94,2021,0
94,1729,0
94,3696,0
94,3694,0
94,550,0
94,3980,0
94,1797,0
94,1783,0
94,1895,0
94,3659,0
94,3658,0
94,3891,0
94,3961,0
94,3821,0
94,3985,0
94,3754,0
94,1922,0
94,3719,0
94,3927,0
94,2010,0
94,2093,0
94,3982,0
94,1900,0
94,1991,0
94,1863,0
94,3787,0
94,212,0
94,3663,0
94,1873,0
94,3870,0
94,3912,0
94,1825,0
94,2027,0
94,1968,0
94,3650,0
94,1959,0
94,1879,0
94,3768,0
94,1818,0
94,3883,0
94,3937,0
94,3842,0
94,1871,0
94,3705,0
94,1772,0
94,3951,0
94,1810,0
94,1980,0
94,2080,0
94,3756,0
94,3006,0
94,3680,0
94,3974,0
94,1975,0
94,1796,0
94,2060,0
94,3877,0
94,3882,0
94,1320,0
94,3893,0
94,1739,0
94,346,0
94,594,0
94,1997,0
94,3944,0
94,1906,0
94,3884,0
94,3796,0
94,2073,0
94,1748,0
94,3707,0
94,1902,0
94,275,0
94,3804,0
94,73,0
94,1859,0
94,3866,0
94,1851,0
94,2974,0
94,1916,0
94,1230,0
94,1933,0
94,3718,0
94,2105,0
94,1820,0
94,1746,0
94,1897,0
94,3931,0
94,1956,0
94,3672,0
94,28,0
94,2944,0
94,3869,0
94,3848,0
94,3765,0
94,3918,0
94,2960,0
94,3701,0
94,3682,0
94,2034,0
94,1766,0
94,3925,0
94,1782,0
94,1733,0
94,1845,0
94,1965,0
94,2976,0
94,1998,0
94,1987,0
94,3749,0
94,15,0
94,3915,0
94,3738,0
94,1905,0
94,1763,0
94,3728,0
94,1974,0
94,1870,0
94,3714,0
94,1883,0
94,3725,0
94,3791,0
94,3814,0
94,3662,0
94,3717,0
94,3865,0
94,1788,0
94,1917,0
94,1827,0
94,3010,0
94,2074,0
94,3895,0
94,3767,0
94,420,0
94,1940,0
94,2001,0
94,2997,0
94,3757,0
94,1872,0
94,3857,0
94,1765,0
94,3947,0
94,1828,0
94,3903,0
94,1735,0
94,274,0
94,3002,0
94,0,1
94,3901,0
94,3788,0
94,3763,0
94,3693,0
94,1930,0
94,2036,0
94,3785,0
94,3840,0
94,3674,0
94,1750,0
94,3922,0
94,3846,0
94,3970,0
94,1937,0
94,2987,0
94,2035,0
94,1992,0
94,3773,0
94,1868,0
94,2014,0
94,2051,0
94,3940,0
94,1943,0
94,3801,0
94,3872,0
94,1934,0
94,3853,0
94,3900,0
94,1996,0
94,3932,0
94,3837,0
94,1744,0
94,1994,0
94,3695,0
94,1777,0
94,1755,0
94,3784,0
94,3923,0
94,1757,0
94,1881,0
94,3957,0
94,3888,0
94,3669,0
94,3850,0
94,3684,0
94,3881,0
94,2092,0
94,3890,0
94,1946,0
94,3673,0
94,3798,0
94,3926,0
94,1951,0
94,3962,0
94,3920,0
94,3742,0
94,3809,0
94,3963,0
94,1955,0
94,3968,0
94,3845,0
94,1876,0
94,3706,0
94,1756,0
94,1925,0
94,3894,0
94,3772,0
94,3959,0
94,3907,0
94,3748,0
94,1880,0
94,2024,0
94,3885,0
94,3778,0
94,1941,0
94,3782,0
94,3827,0
94,3943,0
94,2063,0
94,3653,0
94,2032,0
94,7,0
94,3711,0
94,3973,0
94,3667,0
94,3664,0
94,2047,0
94,3826,0
94,3830,0
94,1884,0
94,1775,0
94,36,0
94,1749,0
94,1907,0
94,1954,0
94,1794,0
94,3003,0
94,3786,0
94,2841,0
94,3724,0
94,3984,0
94,1822,0
94,3803,0
94,3874,0
94,1774,0
94,3816,0
94,3792,0
94,1887,0
94,2045,0
94,3004,0
94,2994,0
94,3733,0
94,1728,0
94,3981,0
94,3702,0
94,3977,0
94,3875,0
94,1892,0
94,2094,0
94,3979,0
94,1798,0
94,3899,0
94,1344,0
94,3919,0
94,1754,0
94,1252,0
94,3678,0
94,3681,0
94,3859,0
94,2959,0
94,1824,0
94,473,0
94,1918,0
94,2022,0
94,3799,0
94,1867,0
94,2031,0
94,3049,0
94,3750,0
95,51,0
95,61,0
95,55,1
95,256,0
95,11,0
95,231,1
95,225,1
95,69,1
95,214,0
95,226,1
95,206,1
95,14,0
95,170,0
95,50,0
95,77,1
95,257,0
95,230,1
96,69,1
96,71,1
96,79,1
96,19,1
96,52,1
96,17,1
96,86,1
96,93,1
96,85,1
96,89,1
96,75,1
96,18,1
96,68,1
96,10,1
96,98,1
96,53,1
96,16,1
96,253,0
96,78,1
96,94,1
96,65,1
96,95,1
96,92,1
96,87,1
96,54,1
96,12,1
96,81,1
96,132,1
96,15,1
96,64,1
96,90,1
96,67,1
96,82,1
96,72,1
96,9,1
96,80,1
96,84,1
96,24,1
96,11,1
96,63,1
96,100,1
96,149,1
96,99,1
96,70,1
96,13,1
97,3840,0
97,2498,1
97,2506,0
97,4398,0
97,3541,0
97,452,0
97,2650,0
97,486,0
97,4783,0
97,3636,0
97,2518,0
97,142,0
97,4552,0
97,2512,1
97,3492,0
97,3545,0
97,2629,0
97,2423,0
97,3631,1
97,3517,0
97,128,0
97,2513,1
97,3629,1
97,3821,0
97,3870,0
97,2714,0
97,2574,0
97,4878,0
97,514,0
97,3615,0
97,2530,1
97,3774,0
97,3992,0
97,2485,0
97,47,0
97,2746,0
97,3892,0
97,2607,0
97,1810,0
97,3568,0
97,3580,0
97,4086,0
97,2191,0
97,510,0
97,3603,1
97,2335,0
97,511,0
97,2529,1
97,2475,1
97,4599,0
97,2601,1
97,2553,0
97,2633,1
97,2579,0
97,1809,0
97,2573,0
97,3565,0
97,3530,0
97,2626,0
97,153,0
97,2285,0
97,2477,0
97,4650,0
97,4784,0
97,3520,0
97,4152,0
97,3775,0
97,2671,0
97,3627,0
97,1834,0
97,4209,0
97,56,0
97,2289,0
97,2688,0
97,2663,0
97,4575,0
97,4302,0
97,2015,0
97,3508,0
97,4247,0
97,2240,0
97,3519,0
97,2286,0
97,4127,0
97,2577,0
97,2659,0
97,3613,0
97,2544,0
97,3645,1
97,3638,0
97,2505,0
97,3624,1
97,1905,0
97,3483,0
97,1857,0
97,4876,0
97,3643,1
97,3494,0
97,2545,0
97,2595,0
97,1978,0
97,3635,0
97,190,0
97,4877,0
97,2206,0
97,214,0
97,4268,0
97,420,0
97,2362,0
97,1726,0
97,4853,0
97,3593,0
97,2569,0
97,4523,0
97,1833,0
97,2190,0
97,2311,0
97,3621,1
97,2501,0
97,2479,1
97,3872,0
97,463,0
97,4855,0
97,4900,0
97,200,0
97,3604,0
97,2568,0
97,2596,0
97,271,0
97,2524,0
97,3587,0
97,3518,0
97,2635,1
97,2489,0
97,4807,0
97,2684,0
97,2230,0
97,2500,1
97,2486,1
97,4456,0
97,4905,0
97,2264,0
97,3589,0
97,2652,0
97,4324,0
97,3633,0
97,423,0
97,453,0
97,4822,0
97,3590,0
97,1407,1
97,3567,0
97,2538,0
97,2721,0
97,2507,0
97,3566,0
97,2528,1
97,2446,0
97,2591,0
97,3646,0
97,3823,0
97,2563,1
97,2474,1
97,21,0
97,247,0
97,534,0
97,2636,1
97,57,0
97,2473,1
97,2606,0
97,1881,0
97,104,0
97,536,0
97,2744,0
97,2523,0
97,2578,0
97,1870,0
97,2338,0
97,4782,0
97,2073,0
97,3569,0
97,2672,0
97,3591,0
97,4880,0
97,549,0
97,2649,0
97,2457,0
97,2134,0
97,2664,0
97,2690,0
97,2716,0
97,1761,0
97,2287,0
97,3543,0
97,2503,1
97,2549,1
97,2552,1
97,4798,0
97,2621,0
97,3637,0
97,2310,0
97,2087,0
97,3556,0
97,2533,0
97,3592,0
97,466,0
97,2144,0
97,2483,1
97,4057,0
97,4378,0
97,3544,0
97,3644,1
97,2491,0
97,2050,0
97,4450,0
97,3617,0
97,1750,0
97,2673,0
97,2632,1
97,1941,0
97,4902,0
97,2653,0
97,2254,0
97,2168,0
97,2605,0
98,400,0
98,228,0
98,202,0
98,187,0
98,153,0
98,188,0
98,227,0
98,347,0
98,138,0
98,135,0
98,196,0
98,165,0
98,126,0
98,143,0
98,98,0
98,198,0
98,365,0
98,117,0
98,404,0
98,403,0
98,201,0
98,113,0
98,419,1
98,322,0
98,151,0
98,167,0
98,366,0
98,294,0
98,235,0
98,405,0
98,374,0
98,341,0
98,395,0
98,370,0
98,128,0
98,134,0
98,406,0
98,175,0
98,150,0
98,102,0
98,326,0
98,119,0
98,379,0
98,137,0
98,248,0
98,131,0
98,178,0
98,112,0
98,160,0
98,101,0
98,373,0
98,311,0
98,174,0
98,96,0
98,104,0
98,394,0
98,46,0
98,270,0
98,329,0
98,33,0
98,230,0
98,136,0
98,340,0
98,133,0
98,129,0
98,355,0
98,122,0
98,393,0
98,186,0
98,330,0
98,115,0
98,388,0
98,343,0
98,390,0
98,356,0
98,149,0
98,118,0
98,324,0
98,323,0
98,163,0
98,213,0
98,145,0
98,159,0
98,154,0
98,111,0
98,397,0
98,342,0
98,146,0
98,372,0
98,197,0
98,327,0
98,142,0
98,106,0
98,387,0
98,54,0
98,116,0
98,321,0
98,401,0
98,391,0
98,45,0
98,216,0
98,229,0
98,325,0
98,140,0
98,114,0
98,392,0
98,132,0
98,130,0
98,148,0
98,123,0
98,171,0
98,164,0
99,309,0
99,724,0
99,846,0
99,390,0
99,842,0
99,859,0
99,702,0
99,968,0
99,852,0
99,376,0
99,780,0
99,333,0
99,300,0
99,878,0
99,190,0
99,875,0
99,367,0
99,260,0
99,204,0
99,216,0
99,145,0
99,317,0
99,911,0
99,430,0
99,937,0
99,820,0
99,161,0
99,129,0
99,338,0
99,881,0
99,451,0
99,643,0
99,595,0
99,722,0
99,860,0
99,737,0
99,238,0
99,143,0
99,898,0
99,142,0
99,886,0
99,693,0
99,744,0
99,779,0
99,684,0
99,191,0
99,672,0
99,272,0
99,706,0
99,841,0
99,108,0
99,793,0
99,541,0
99,179,0
99,799,0
99,746,0
99,902,0
99,268,0
99,894,0
99,922,0
99,742,0
99,587,0
99,675,0
99,659,0
99,807,0
99,939,0
99,153,0
99,406,0
99,165,0
99,398,0
99,104,0
99,658,0
99,410,0
99,729,0
99,224,0
99,989,0
99,868,0
99,305,0
99,386,0
99,701,0
99,626,0
99,855,0
99,330,0
99,727,0
99,257,0
99,445,0
99,562,0
99,441,0
99,181,0
99,782,0
99,874,0
99,175,0
99,320,0
99,745,0
99,905,0
99,822,0
99,794,0
99,146,0
99,792,0
99,863,0
99,559,0
99,873,0
99,999,0
99,271,0
99,152,0
99,358,0
99,876,0
99,395,0
99,201,0
99,617,0
99,711,0
99,607,0
99,318,0
99,816,0
99,877,0
99,308,0
99,930,0
99,798,0
99,332,0
99,849,0
99,419,0
99,285,0
99,743,0
99,462,0
99,636,0
99,806,0
99,931,0
99,965,0
99,651,0
99,731,0
99,893,0
99,538,0
99,137,0
99,800,0
99,850,0
99,927,0
99,830,0
99,340,0
99,762,0
99,650,0
99,646,0
99,354,0
99,365,0
99,831,0
99,615,0
99,378,0
99,372,0
99,669,0
99,754,0
99,306,0
99,301,0
99,948,0
99,405,0
99,131,0
99,123,0
99,425,0
99,778,0
99,287,0
99,186,0
99,568,0
99,315,0
99,429,0
99,919,0
99,229,0
99,783,0
99,355,0
99,879,0
99,964,0
99,353,0
99,861,0
99,909,0
99,817,0
99,185,0
99,847,0
99,913,0
99,401,0
99,210,0
99,369,0
99,150,0
99,666,0
99,661,0
99,351,0
99,945,0
99,299,0
99,1001,0
99,589,0
99,266,0
99,391,0
99,171,0
99,949,0
99,228,0
99,577,0
99,164,0
99,657,0
99,194,0
99,1003,0
99,214,0
99,192,0
99,997,0
99,314,0
99,972,0
99,869,0
99,270,0
99,370,0
99,396,0
99,732,0
99,625,0
99,573,0
99,141,0
99,918,0
99,288,0
99,534,0
99,979,0
99,132,0
99,1002,0
99,560,0
99,189,0
99,423,0
99,258,0
99,925,0
99,421,0
99,920,0
99,839,0
99,148,0
99,311,0
99,834,0
99,218,0
99,289,0
99,144,0
99,440,0
99,133,0
99,348,0
99,347,0
99,417,0
99,235,0
99,943,0
99,756,0
99,668,0
99,151,0
99,303,0
99,254,0
99,394,0
99,225,0
99,749,0
99,156,0
99,967,0
99,323,0
99,493,0
99,253,0
99,718,0
99,202,0
99,974,0
99,197,0
99,872,0
99,547,0
99,307,0
99,835,0
99,963,0
99,487,0
99,325,0
99,851,0
99,986,0
99,209,0
99,374,0
99,871,0
99,996,0
99,379,0
99,917,0
99,899,0
99,769,0
99,596,0
99,331,0
99,590,0
99,940,0
99,149,0
99,710,0
99,763,0
99,464,0
99,243,0
99,747,0
99,649,0
99,757,0
99,540,0
99,709,0
99,808,0
99,180,0
99,364,0
99,670,0
99,866,0
99,428,0
99,279,0
99,692,0
99,952,0
99,912,0
99,734,0
99,604,0
99,805,0
99,371,0
99,264,0
99,801,0
99,953,0
99,921,0
99,957,0
99,246,0
99,660,0
99,276,0
99,777,0
99,382,0
99,199,0
99,439,0
99,853,0
99,227,0
99,633,0
99,163,0
99,221,0
99,697,0
99,789,0
99,796,0
99,690,0
99,427,0
99,349,0
99,359,0
99,951,0
99,785,0
99,384,0
99,622,0
99,864,0
99,157,0
99,327,0
99,901,0
99,829,0
99,420,0
99,586,0
99,843,0
99,825,0
99,362,0
99,721,0
99,174,0
99,936,0
99,678,0
99,665,0
99,614,0
99,350,0
99,198,0
99,818,0
99,387,0
99,177,0
99,958,0
99,292,0
99,286,0
99,256,0
99,344,0
99,158,0
99,241,0
99,795,0
99,414,0
99,962,0
99,411,0
99,239,0
99,995,0
99,770,0
99,767,0
99,283,0
99,302,0
99,895,0
99,576,0
99,173,0
99,845,0
99,162,0
99,223,0
99,393,0
99,172,0
99,606,0
99,230,0
99,251,0
99,751,0
99,168,0
99,231,0
99,910,0
99,699,0
99,716,0
99,403,0
99,673,0
99,267,0
99,883,0
99,418,0
99,415,0
99,787,0
99,250,0
99,698,0
99,203,0
99,535,0
99,341,0
99,719,0
99,759,0
99,119,0
99,992,0
99,865,0
99,891,0
99,219,0
99,856,0
99,926,0
99,819,0
99,880,0
99,591,0
99,252,0
99,771,0
99,804,0
99,648,0
99,776,0
99,764,0
99,620,0
99,361,0
99,642,0
99,352,0
99,147,0
99,735,0
99,211,0
99,862,0
99,275,0
99,733,0
99,914,0
99,956,0
99,832,0
99,139,0
99,813,0
99,523,0
99,973,0
99,644,0
99,994,0
99,915,0
99,304,0
99,932,0
99,242,0
99,136,0
99,960,0
99,890,0
99,942,0
99,200,0
99,904,0
99,681,0
99,166,0
99,837,0
99,345,0
99,281,0
99,821,0
99,290,0
99,404,0
99,929,0
99,884,0
99,321,0
99,916,0
99,368,0
99,923,0
99,725,0
99,887,0
99,400,0
99,634,0
99,933,0
99,265,0
99,512,0
99,689,0
99,312,0
99,366,0
99,329,0
99,381,0
99,388,0
99,811,0
99,346,0
99,786,0
99,966,0
99,971,0
99,310,0
99,900,0
99,389,0
99,397,0
99,240,0
99,328,0
99,815,0
99,752,0
99,858,0
99,533,0
99,641,0
99,888,0
99,295,0
99,944,0
99,758,0
99,788,0
99,280,0
99,167,0
99,184,0
99,188,0
99,750,0
99,840,0
99,970,0
99,195,0
99,128,0
99,543,0
99,857,0
99,705,0
99,772,0
99,463,0
99,220,0
99,356,0
99,696,0
99,826,0
99,903,0
99,212,0
99,392,0
99,924,0
99,213,0
99,337,0
99,566,0
99,833,0
99,357,0
99,654,0
99,1000,0
99,217,0
99,723,0
99,319,0
99,170,0
99,828,0
99,748,0
99,277,0
99,662,0
99,988,0
99,797,0
99,126,0
99,631,0
99,510,0
99,176,0
99,536,0
99,542,0
99,896,0
99,812,0
99,343,0
99,373,0
99,892,0
99,889,0
99,740,0
99,255,0
99,969,0
99,488,0
99,380,0
99,823,0
99,475,0
99,127,0
99,121,0
99,739,0
99,363,0
99,513,0
99,791,0
99,120,0
99,196,0
99,652,0
99,247,0
99,215,0
99,713,0
99,193,0
99,741,0
99,775,0
99,768,0
99,897,0
99,685,0
99,810,0
99,616,0
99,683,0
99,908,0
99,708,0
99,774,0
99,465,0
99,854,0
99,282,0
99,950,0
99,438,0
99,790,0
99,848,0
99,205,0
99,558,0
99,206,0
99,928,0
99,975,0
99,870,0
99,977,0
99,117,0
99,155,0
99,237,0
99,248,0
99,715,0
99,537,0
99,499,0
99,618,0
99,511,0
99,730,0
99,941,0
99,130,0
99,187,0
99,125,0
99,691,0
99,249,0
99,291,0
99,938,0
99,906,0
99,375,0
99,178,0
99,339,0
99,269,0
99,707,0
99,755,0
99,561,0
99,236,0
99,284,0
99,259,0
99,714,0
99,827,0
99,263,0
99,297,0
99,824,0
99,517,0
99,766,0
99,377,0
99,836,0
99,324,0
99,416,0
99,234,0
99,814,0
99,140,0
99,676,0
99,753,0
99,674,0
99,316,0
99,695,0
99,947,0
99,934,0
99,326,0
99,342,0
99,694,0
99,961,0
99,222,0
99,244,0
99,624,0
99,802,0
99,313,0
99,803,0
99,717,0
99,728,0
99,336,0
99,959,0
99,720,0
99,954,0
99,682,0
99,784,0
99,765,0
99,946,0
99,773,0
99,781,0
99,208,0
99,838,0
99,322,0
99,867,0
99,169,0
99,991,0
99,226,0
99,885,0
99,844,0
99,955,0
99,592,0
99,667,0
99,738,0
99,935,0
99,413,0
99,335,0
99,907,0
